[{"model": "admin.logentry", "pk": 1, "fields": {"action_time": "2021-06-14T10:14:42.707Z", "user": 1, "content_type": 7, "object_id": "1", "object_repr": "belovedpuppy90@gmail.com", "action_flag": 2, "change_message": "[{\"changed\": {\"fields\": [\"Phone number\"]}}]"}}, {"model": "admin.logentry", "pk": 2, "fields": {"action_time": "2021-06-14T10:37:42.255Z", "user": 1, "content_type": 6, "object_id": "1", "object_repr": "Shirts", "action_flag": 1, "change_message": "[{\"added\": {}}]"}}, {"model": "admin.logentry", "pk": 3, "fields": {"action_time": "2021-06-14T10:39:44.181Z", "user": 1, "content_type": 6, "object_id": "1", "object_repr": "Shirts", "action_flag": 2, "change_message": "[]"}}, {"model": "admin.logentry", "pk": 4, "fields": {"action_time": "2021-06-14T10:40:55.101Z", "user": 1, "content_type": 6, "object_id": "2", "object_repr": "T Shirt", "action_flag": 1, "change_message": "[{\"added\": {}}]"}}, {"model": "admin.logentry", "pk": 5, "fields": {"action_time": "2021-06-14T10:41:16.226Z", "user": 1, "content_type": 6, "object_id": "3", "object_repr": "Shoes", "action_flag": 1, "change_message": "[{\"added\": {}}]"}}, {"model": "admin.logentry", "pk": 6, "fields": {"action_time": "2021-06-14T10:41:40.242Z", "user": 1, "content_type": 6, "object_id": "4", "object_repr": "Jackets", "action_flag": 1, "change_message": "[{\"added\": {}}]"}}, {"model": "admin.logentry", "pk": 7, "fields": {"action_time": "2021-06-14T10:41:57.541Z", "user": 1, "content_type": 6, "object_id": "5", "object_repr": "Jeans", "action_flag": 1, "change_message": "[{\"added\": {}}]"}}, {"model": "admin.logentry", "pk": 8, "fields": {"action_time": "2021-06-15T04:29:30.400Z", "user": 1, "content_type": 8, "object_id": "1", "object_repr": "ATX-Jeans", "action_flag": 1, "change_message": "[{\"added\": {}}]"}}, {"model": "admin.logentry", "pk": 9, "fields": {"action_time": "2021-06-15T04:30:46.864Z", "user": 1, "content_type": 8, "object_id": "2", "object_repr": "ATX Blue Shirt", "action_flag": 1, "change_message": "[{\"added\": {}}]"}}, {"model": "admin.logentry", "pk": 10, "fields": {"action_time": "2021-06-15T04:30:53.940Z", "user": 1, "content_type": 8, "object_id": "1", "object_repr": "ATX Jeans", "action_flag": 2, "change_message": "[{\"changed\": {\"fields\": [\"Product name\"]}}]"}}, {"model": "admin.logentry", "pk": 11, "fields": {"action_time": "2021-06-15T04:31:29.182Z", "user": 1, "content_type": 8, "object_id": "3", "object_repr": "Wrangler Shirt", "action_flag": 1, "change_message": "[{\"added\": {}}]"}}, {"model": "admin.logentry", "pk": 12, "fields": {"action_time": "2021-06-15T04:32:14.154Z", "user": 1, "content_type": 8, "object_id": "4", "object_repr": "US Polo Assn Jacket", "action_flag": 1, "change_message": "[{\"added\": {}}]"}}, {"model": "admin.logentry", "pk": 13, "fields": {"action_time": "2021-06-15T04:33:23.330Z", "user": 1, "content_type": 8, "object_id": "5", "object_repr": "Puma Ferrari Shoes", "action_flag": 1, "change_message": "[{\"added\": {}}]"}}, {"model": "admin.logentry", "pk": 14, "fields": {"action_time": "2021-06-15T04:34:02.494Z", "user": 1, "content_type": 8, "object_id": "6", "object_repr": "Mavi Jeans", "action_flag": 1, "change_message": "[{\"added\": {}}]"}}, {"model": "admin.logentry", "pk": 15, "fields": {"action_time": "2021-06-15T04:34:41.759Z", "user": 1, "content_type": 8, "object_id": "7", "object_repr": "Jordan Basketball Shoes", "action_flag": 1, "change_message": "[{\"added\": {}}]"}}, {"model": "admin.logentry", "pk": 16, "fields": {"action_time": "2021-06-15T04:35:31.653Z", "user": 1, "content_type": 8, "object_id": "8", "object_repr": "Great Tshirt", "action_flag": 1, "change_message": "[{\"added\": {}}]"}}, {"model": "admin.logentry", "pk": 17, "fields": {"action_time": "2021-06-16T11:07:30.183Z", "user": 1, "content_type": 8, "object_id": "8", "object_repr": "Great Tshirt", "action_flag": 2, "change_message": "[{\"changed\": {\"fields\": [\"Stock\"]}}]"}}, {"model": "admin.logentry", "pk": 18, "fields": {"action_time": "2021-06-18T05:15:40.286Z", "user": 1, "content_type": 8, "object_id": "1", "object_repr": "ATX Jeans", "action_flag": 2, "change_message": "[{\"changed\": {\"fields\": [\"Description\"]}}]"}}, {"model": "admin.logentry", "pk": 19, "fields": {"action_time": "2021-06-18T10:44:42.999Z", "user": 1, "content_type": 11, "object_id": "1", "object_repr": "Variation object (1)", "action_flag": 1, "change_message": "[{\"added\": {}}]"}}, {"model": "admin.logentry", "pk": 20, "fields": {"action_time": "2021-06-18T10:45:25.962Z", "user": 1, "content_type": 11, "object_id": "1", "object_repr": "Variation object (1)", "action_flag": 2, "change_message": "[]"}}, {"model": "admin.logentry", "pk": 21, "fields": {"action_time": "2021-06-18T10:45:34.349Z", "user": 1, "content_type": 11, "object_id": "2", "object_repr": "Variation object (2)", "action_flag": 1, "change_message": "[{\"added\": {}}]"}}, {"model": "admin.logentry", "pk": 22, "fields": {"action_time": "2021-06-18T10:45:48.290Z", "user": 1, "content_type": 11, "object_id": "3", "object_repr": "Variation object (3)", "action_flag": 1, "change_message": "[{\"added\": {}}]"}}, {"model": "admin.logentry", "pk": 23, "fields": {"action_time": "2021-06-18T10:52:09.489Z", "user": 1, "content_type": 11, "object_id": "1", "object_repr": "Variation object (1)", "action_flag": 2, "change_message": "[{\"changed\": {\"fields\": [\"Is active\"]}}]"}}, {"model": "admin.logentry", "pk": 24, "fields": {"action_time": "2021-06-18T10:52:15.877Z", "user": 1, "content_type": 11, "object_id": "1", "object_repr": "Variation object (1)", "action_flag": 2, "change_message": "[{\"changed\": {\"fields\": [\"Is active\"]}}]"}}, {"model": "admin.logentry", "pk": 25, "fields": {"action_time": "2021-06-18T10:52:21.762Z", "user": 1, "content_type": 11, "object_id": "1", "object_repr": "Variation object (1)", "action_flag": 2, "change_message": "[{\"changed\": {\"fields\": [\"Variation value\"]}}]"}}, {"model": "admin.logentry", "pk": 26, "fields": {"action_time": "2021-06-18T10:59:28.330Z", "user": 1, "content_type": 11, "object_id": "4", "object_repr": "Variation object (4)", "action_flag": 1, "change_message": "[{\"added\": {}}]"}}, {"model": "admin.logentry", "pk": 27, "fields": {"action_time": "2021-06-18T11:02:38.898Z", "user": 1, "content_type": 11, "object_id": "5", "object_repr": "Variation object (5)", "action_flag": 1, "change_message": "[{\"added\": {}}]"}}, {"model": "admin.logentry", "pk": 28, "fields": {"action_time": "2021-06-18T11:02:45.540Z", "user": 1, "content_type": 11, "object_id": "6", "object_repr": "Variation object (6)", "action_flag": 1, "change_message": "[{\"added\": {}}]"}}, {"model": "admin.logentry", "pk": 29, "fields": {"action_time": "2021-06-21T10:02:30.677Z", "user": 1, "content_type": 10, "object_id": "23", "object_repr": "ATX Jeans", "action_flag": 3, "change_message": ""}}, {"model": "admin.logentry", "pk": 30, "fields": {"action_time": "2021-06-21T10:02:34.974Z", "user": 1, "content_type": 10, "object_id": "22", "object_repr": "ATX Jeans", "action_flag": 3, "change_message": ""}}, {"model": "admin.logentry", "pk": 31, "fields": {"action_time": "2021-06-21T10:02:38.229Z", "user": 1, "content_type": 10, "object_id": "20", "object_repr": "ATX Jeans", "action_flag": 3, "change_message": ""}}, {"model": "admin.logentry", "pk": 32, "fields": {"action_time": "2021-06-21T10:02:42.433Z", "user": 1, "content_type": 10, "object_id": "9", "object_repr": "ATX Blue Shirt", "action_flag": 3, "change_message": ""}}, {"model": "admin.logentry", "pk": 33, "fields": {"action_time": "2021-06-21T10:02:45.489Z", "user": 1, "content_type": 10, "object_id": "8", "object_repr": "US Polo Assn Jacket", "action_flag": 3, "change_message": ""}}, {"model": "admin.logentry", "pk": 34, "fields": {"action_time": "2021-06-21T10:02:48.076Z", "user": 1, "content_type": 10, "object_id": "11", "object_repr": "ATX Blue Shirt", "action_flag": 3, "change_message": ""}}, {"model": "admin.logentry", "pk": 35, "fields": {"action_time": "2021-06-21T10:02:50.777Z", "user": 1, "content_type": 10, "object_id": "7", "object_repr": "Wrangler Shirt", "action_flag": 3, "change_message": ""}}, {"model": "admin.logentry", "pk": 36, "fields": {"action_time": "2021-06-21T10:08:23.714Z", "user": 1, "content_type": 10, "object_id": "24", "object_repr": "ATX Jeans", "action_flag": 2, "change_message": "[]"}}, {"model": "admin.logentry", "pk": 37, "fields": {"action_time": "2021-06-21T10:08:27.432Z", "user": 1, "content_type": 10, "object_id": "25", "object_repr": "ATX Jeans", "action_flag": 3, "change_message": ""}}, {"model": "admin.logentry", "pk": 38, "fields": {"action_time": "2021-06-22T10:41:43.279Z", "user": 1, "content_type": 7, "object_id": "2", "object_repr": "nguyenxuanhieu14081988@gmail.com", "action_flag": 3, "change_message": ""}}, {"model": "admin.logentry", "pk": 39, "fields": {"action_time": "2021-06-22T10:45:41.940Z", "user": 1, "content_type": 7, "object_id": "3", "object_repr": "nguyenxuanhieu14081988@gmail.com", "action_flag": 3, "change_message": ""}}, {"model": "admin.logentry", "pk": 40, "fields": {"action_time": "2021-06-22T10:47:34.066Z", "user": 1, "content_type": 7, "object_id": "4", "object_repr": "nguyenxuanhieu14081988@gmail.com", "action_flag": 3, "change_message": ""}}, {"model": "admin.logentry", "pk": 41, "fields": {"action_time": "2021-06-22T11:00:54.094Z", "user": 1, "content_type": 7, "object_id": "5", "object_repr": "nguyenxuanhieu14081988@gmail.com", "action_flag": 3, "change_message": ""}}, {"model": "admin.logentry", "pk": 42, "fields": {"action_time": "2021-06-22T11:02:23.550Z", "user": 1, "content_type": 7, "object_id": "6", "object_repr": "nguyenxuanhieu14081988@gmail.com", "action_flag": 2, "change_message": "[{\"changed\": {\"fields\": [\"Is active\"]}}]"}}, {"model": "admin.logentry", "pk": 43, "fields": {"action_time": "2021-06-23T05:12:46.413Z", "user": 1, "content_type": 7, "object_id": "6", "object_repr": "nguyenxuanhieu14081988@gmail.com", "action_flag": 3, "change_message": ""}}, {"model": "admin.logentry", "pk": 44, "fields": {"action_time": "2021-06-23T05:16:43.350Z", "user": 1, "content_type": 7, "object_id": "7", "object_repr": "nguyenxuanhieu14081988@gmail.com", "action_flag": 3, "change_message": ""}}, {"model": "admin.logentry", "pk": 45, "fields": {"action_time": "2021-06-23T05:19:06.747Z", "user": 1, "content_type": 7, "object_id": "8", "object_repr": "nguyenxuanhieu14081988@gmail.com", "action_flag": 3, "change_message": ""}}, {"model": "admin.logentry", "pk": 46, "fields": {"action_time": "2021-06-23T05:21:47.854Z", "user": 1, "content_type": 7, "object_id": "9", "object_repr": "nguyenxuanhieu14081988@gmail.com", "action_flag": 3, "change_message": ""}}, {"model": "admin.logentry", "pk": 47, "fields": {"action_time": "2021-06-23T05:23:22.923Z", "user": 1, "content_type": 7, "object_id": "10", "object_repr": "nguyenxuanhieu14081988@gmail.com", "action_flag": 3, "change_message": ""}}, {"model": "admin.logentry", "pk": 48, "fields": {"action_time": "2021-06-23T05:31:54.776Z", "user": 1, "content_type": 7, "object_id": "11", "object_repr": "nguyenxuanhieu14081988@gmail.com", "action_flag": 3, "change_message": ""}}, {"model": "admin.logentry", "pk": 49, "fields": {"action_time": "2021-06-23T05:40:09.798Z", "user": 1, "content_type": 7, "object_id": "12", "object_repr": "nguyenxuanhieu14081988@gmail.com", "action_flag": 3, "change_message": ""}}, {"model": "admin.logentry", "pk": 50, "fields": {"action_time": "2021-06-25T10:37:21.509Z", "user": 1, "content_type": 11, "object_id": "6", "object_repr": "Large", "action_flag": 2, "change_message": "[]"}}, {"model": "admin.logentry", "pk": 51, "fields": {"action_time": "2021-06-25T10:40:45.444Z", "user": 1, "content_type": 10, "object_id": "37", "object_repr": "ATX Blue Shirt", "action_flag": 2, "change_message": "[{\"changed\": {\"fields\": [\"Product\", \"Quantity\"]}}]"}}, {"model": "admin.logentry", "pk": 52, "fields": {"action_time": "2021-06-25T10:40:55.338Z", "user": 1, "content_type": 11, "object_id": "1", "object_repr": "White", "action_flag": 2, "change_message": "[{\"changed\": {\"fields\": [\"Product\"]}}]"}}, {"model": "admin.logentry", "pk": 53, "fields": {"action_time": "2021-06-25T10:43:01.940Z", "user": 1, "content_type": 11, "object_id": "1", "object_repr": "White", "action_flag": 2, "change_message": "[{\"changed\": {\"fields\": [\"Product\"]}}]"}}, {"model": "admin.logentry", "pk": 54, "fields": {"action_time": "2021-06-25T10:50:37.952Z", "user": 1, "content_type": 10, "object_id": "66", "object_repr": "ATX Jeans", "action_flag": 3, "change_message": ""}}, {"model": "admin.logentry", "pk": 55, "fields": {"action_time": "2021-06-25T10:50:37.961Z", "user": 1, "content_type": 10, "object_id": "65", "object_repr": "ATX Jeans", "action_flag": 3, "change_message": ""}}, {"model": "admin.logentry", "pk": 56, "fields": {"action_time": "2021-06-25T10:50:37.966Z", "user": 1, "content_type": 10, "object_id": "64", "object_repr": "ATX Jeans", "action_flag": 3, "change_message": ""}}, {"model": "admin.logentry", "pk": 57, "fields": {"action_time": "2021-06-25T10:50:37.971Z", "user": 1, "content_type": 10, "object_id": "63", "object_repr": "ATX Jeans", "action_flag": 3, "change_message": ""}}, {"model": "admin.logentry", "pk": 58, "fields": {"action_time": "2021-06-25T10:50:37.977Z", "user": 1, "content_type": 10, "object_id": "62", "object_repr": "ATX Jeans", "action_flag": 3, "change_message": ""}}, {"model": "admin.logentry", "pk": 59, "fields": {"action_time": "2021-06-25T10:50:37.982Z", "user": 1, "content_type": 10, "object_id": "61", "object_repr": "ATX Jeans", "action_flag": 3, "change_message": ""}}, {"model": "admin.logentry", "pk": 60, "fields": {"action_time": "2021-06-25T10:50:37.987Z", "user": 1, "content_type": 10, "object_id": "60", "object_repr": "ATX Jeans", "action_flag": 3, "change_message": ""}}, {"model": "admin.logentry", "pk": 61, "fields": {"action_time": "2021-06-25T10:50:37.993Z", "user": 1, "content_type": 10, "object_id": "57", "object_repr": "Puma Ferrari Shoes", "action_flag": 3, "change_message": ""}}, {"model": "admin.logentry", "pk": 62, "fields": {"action_time": "2021-06-25T10:50:37.998Z", "user": 1, "content_type": 10, "object_id": "55", "object_repr": "ATX Blue Shirt", "action_flag": 3, "change_message": ""}}, {"model": "admin.logentry", "pk": 63, "fields": {"action_time": "2021-06-25T10:50:38.003Z", "user": 1, "content_type": 10, "object_id": "54", "object_repr": "Wrangler Shirt", "action_flag": 3, "change_message": ""}}, {"model": "admin.logentry", "pk": 64, "fields": {"action_time": "2021-06-25T10:50:38.008Z", "user": 1, "content_type": 10, "object_id": "53", "object_repr": "ATX Blue Shirt", "action_flag": 3, "change_message": ""}}, {"model": "admin.logentry", "pk": 65, "fields": {"action_time": "2021-06-25T10:50:38.013Z", "user": 1, "content_type": 10, "object_id": "52", "object_repr": "ATX Blue Shirt", "action_flag": 3, "change_message": ""}}, {"model": "admin.logentry", "pk": 66, "fields": {"action_time": "2021-06-25T10:50:38.018Z", "user": 1, "content_type": 10, "object_id": "48", "object_repr": "Wrangler Shirt", "action_flag": 3, "change_message": ""}}, {"model": "admin.logentry", "pk": 67, "fields": {"action_time": "2021-06-25T10:50:38.024Z", "user": 1, "content_type": 10, "object_id": "47", "object_repr": "Wrangler Shirt", "action_flag": 3, "change_message": ""}}, {"model": "admin.logentry", "pk": 68, "fields": {"action_time": "2021-06-25T10:50:38.029Z", "user": 1, "content_type": 10, "object_id": "46", "object_repr": "Wrangler Shirt", "action_flag": 3, "change_message": ""}}, {"model": "admin.logentry", "pk": 69, "fields": {"action_time": "2021-06-25T10:50:38.034Z", "user": 1, "content_type": 10, "object_id": "45", "object_repr": "ATX Jeans", "action_flag": 3, "change_message": ""}}, {"model": "admin.logentry", "pk": 70, "fields": {"action_time": "2021-06-25T10:50:38.039Z", "user": 1, "content_type": 10, "object_id": "44", "object_repr": "ATX Jeans", "action_flag": 3, "change_message": ""}}, {"model": "admin.logentry", "pk": 71, "fields": {"action_time": "2021-06-25T10:50:38.044Z", "user": 1, "content_type": 10, "object_id": "43", "object_repr": "ATX Jeans", "action_flag": 3, "change_message": ""}}, {"model": "admin.logentry", "pk": 72, "fields": {"action_time": "2021-06-25T10:50:38.049Z", "user": 1, "content_type": 10, "object_id": "42", "object_repr": "ATX Jeans", "action_flag": 3, "change_message": ""}}, {"model": "admin.logentry", "pk": 73, "fields": {"action_time": "2021-06-25T10:50:38.054Z", "user": 1, "content_type": 10, "object_id": "41", "object_repr": "ATX Jeans", "action_flag": 3, "change_message": ""}}, {"model": "admin.logentry", "pk": 74, "fields": {"action_time": "2021-06-25T10:50:38.060Z", "user": 1, "content_type": 10, "object_id": "36", "object_repr": "ATX Jeans", "action_flag": 3, "change_message": ""}}, {"model": "admin.logentry", "pk": 75, "fields": {"action_time": "2021-06-25T10:50:38.064Z", "user": 1, "content_type": 10, "object_id": "35", "object_repr": "ATX Blue Shirt", "action_flag": 3, "change_message": ""}}, {"model": "admin.logentry", "pk": 76, "fields": {"action_time": "2021-06-25T10:50:38.069Z", "user": 1, "content_type": 10, "object_id": "34", "object_repr": "ATX Blue Shirt", "action_flag": 3, "change_message": ""}}, {"model": "admin.logentry", "pk": 77, "fields": {"action_time": "2021-06-25T10:50:38.075Z", "user": 1, "content_type": 10, "object_id": "33", "object_repr": "ATX Jeans", "action_flag": 3, "change_message": ""}}, {"model": "admin.logentry", "pk": 78, "fields": {"action_time": "2021-06-25T10:50:38.080Z", "user": 1, "content_type": 10, "object_id": "32", "object_repr": "Wrangler Shirt", "action_flag": 3, "change_message": ""}}, {"model": "admin.logentry", "pk": 79, "fields": {"action_time": "2021-06-25T10:50:38.085Z", "user": 1, "content_type": 10, "object_id": "31", "object_repr": "ATX Jeans", "action_flag": 3, "change_message": ""}}, {"model": "admin.logentry", "pk": 80, "fields": {"action_time": "2021-06-25T10:50:38.090Z", "user": 1, "content_type": 10, "object_id": "30", "object_repr": "ATX Blue Shirt", "action_flag": 3, "change_message": ""}}, {"model": "admin.logentry", "pk": 81, "fields": {"action_time": "2021-06-28T10:48:29.788Z", "user": 1, "content_type": 13, "object_id": "1", "object_repr": "Jo Constantine", "action_flag": 3, "change_message": ""}}, {"model": "admin.logentry", "pk": 82, "fields": {"action_time": "2021-06-28T10:49:05.041Z", "user": 1, "content_type": 13, "object_id": "2", "object_repr": "Jo Constantine", "action_flag": 3, "change_message": ""}}, {"model": "admin.logentry", "pk": 83, "fields": {"action_time": "2021-07-05T12:23:14.841Z", "user": 1, "content_type": 15, "object_id": "1", "object_repr": "Testing - Updated", "action_flag": 2, "change_message": "[]"}}, {"model": "admin.logentry", "pk": 84, "fields": {"action_time": "2021-07-05T12:35:32.689Z", "user": 1, "content_type": 15, "object_id": "2", "object_repr": "Good", "action_flag": 1, "change_message": "[{\"added\": {}}]"}}, {"model": "admin.logentry", "pk": 85, "fields": {"action_time": "2021-07-05T12:45:12.724Z", "user": 1, "content_type": 15, "object_id": "1", "object_repr": "Testing - Updated", "action_flag": 2, "change_message": "[{\"changed\": {\"fields\": [\"Rating\"]}}]"}}, {"model": "admin.logentry", "pk": 86, "fields": {"action_time": "2021-07-05T12:46:18.498Z", "user": 1, "content_type": 15, "object_id": "2", "object_repr": "Good", "action_flag": 2, "change_message": "[]"}}, {"model": "admin.logentry", "pk": 87, "fields": {"action_time": "2021-07-05T12:46:21.951Z", "user": 1, "content_type": 15, "object_id": "1", "object_repr": "Testing - Updated", "action_flag": 2, "change_message": "[{\"changed\": {\"fields\": [\"Rating\"]}}]"}}, {"model": "admin.logentry", "pk": 88, "fields": {"action_time": "2021-07-05T12:48:05.860Z", "user": 1, "content_type": 15, "object_id": "1", "object_repr": "Testing - Updated", "action_flag": 2, "change_message": "[{\"changed\": {\"fields\": [\"Rating\"]}}]"}}, {"model": "admin.logentry", "pk": 89, "fields": {"action_time": "2021-07-05T12:48:56.920Z", "user": 1, "content_type": 15, "object_id": "1", "object_repr": "Testing - Updated", "action_flag": 2, "change_message": "[{\"changed\": {\"fields\": [\"Rating\"]}}]"}}, {"model": "admin.logentry", "pk": 90, "fields": {"action_time": "2021-07-05T12:50:59.790Z", "user": 1, "content_type": 15, "object_id": "2", "object_repr": "Good", "action_flag": 2, "change_message": "[{\"changed\": {\"fields\": [\"Rating\"]}}]"}}, {"model": "admin.logentry", "pk": 91, "fields": {"action_time": "2021-07-05T12:53:25.548Z", "user": 1, "content_type": 15, "object_id": "1", "object_repr": "Testing - Updated", "action_flag": 2, "change_message": "[]"}}, {"model": "admin.logentry", "pk": 92, "fields": {"action_time": "2021-07-05T12:53:35.326Z", "user": 1, "content_type": 15, "object_id": "2", "object_repr": "Good", "action_flag": 2, "change_message": "[]"}}, {"model": "admin.logentry", "pk": 93, "fields": {"action_time": "2021-07-06T11:19:49.216Z", "user": 1, "content_type": 16, "object_id": "1", "object_repr": "Jo Constantine Nguyen", "action_flag": 1, "change_message": "[{\"added\": {}}]"}}, {"model": "admin.logentry", "pk": 94, "fields": {"action_time": "2021-07-06T11:20:32.969Z", "user": 1, "content_type": 16, "object_id": "1", "object_repr": "Jo Constantine Nguyen", "action_flag": 2, "change_message": "[]"}}, {"model": "admin.logentry", "pk": 95, "fields": {"action_time": "2021-07-06T11:20:58.581Z", "user": 1, "content_type": 16, "object_id": "2", "object_repr": "Xuan Hieu Nguyen", "action_flag": 1, "change_message": "[{\"added\": {}}]"}}, {"model": "admin.logentry", "pk": 96, "fields": {"action_time": "2021-07-06T11:23:08.789Z", "user": 1, "content_type": 16, "object_id": "2", "object_repr": "Xuan Hieu Nguyen", "action_flag": 2, "change_message": "[{\"changed\": {\"fields\": [\"Profile picture\"]}}]"}}, {"model": "admin.logentry", "pk": 97, "fields": {"action_time": "2021-07-08T10:01:02.049Z", "user": 1, "content_type": 8, "object_id": "2", "object_repr": "ATX Blue Shirt", "action_flag": 2, "change_message": "[]"}}, {"model": "admin.logentry", "pk": 98, "fields": {"action_time": "2021-07-08T10:01:23.811Z", "user": 1, "content_type": 8, "object_id": "1", "object_repr": "ATX Jeans", "action_flag": 2, "change_message": "[{\"added\": {\"name\": \"Product gallery\", \"object\": \"ATX Jeans\"}}, {\"added\": {\"name\": \"Product gallery\", \"object\": \"ATX Jeans\"}}, {\"added\": {\"name\": \"Product gallery\", \"object\": \"ATX Jeans\"}}]"}}, {"model": "admin.logentry", "pk": 99, "fields": {"action_time": "2021-07-08T10:01:35.246Z", "user": 1, "content_type": 8, "object_id": "2", "object_repr": "ATX Blue Shirt", "action_flag": 2, "change_message": "[{\"added\": {\"name\": \"Product gallery\", \"object\": \"ATX Blue Shirt\"}}]"}}, {"model": "admin.logentry", "pk": 100, "fields": {"action_time": "2021-07-08T10:01:46.929Z", "user": 1, "content_type": 8, "object_id": "4", "object_repr": "US Polo Assn Jacket", "action_flag": 2, "change_message": "[{\"added\": {\"name\": \"Product gallery\", \"object\": \"US Polo Assn Jacket\"}}, {\"added\": {\"name\": \"Product gallery\", \"object\": \"US Polo Assn Jacket\"}}]"}}, {"model": "auth.permission", "pk": 1, "fields": {"name": "Can add log entry", "content_type": 1, "codename": "add_logentry"}}, {"model": "auth.permission", "pk": 2, "fields": {"name": "Can change log entry", "content_type": 1, "codename": "change_logentry"}}, {"model": "auth.permission", "pk": 3, "fields": {"name": "Can delete log entry", "content_type": 1, "codename": "delete_logentry"}}, {"model": "auth.permission", "pk": 4, "fields": {"name": "Can view log entry", "content_type": 1, "codename": "view_logentry"}}, {"model": "auth.permission", "pk": 5, "fields": {"name": "Can add permission", "content_type": 2, "codename": "add_permission"}}, {"model": "auth.permission", "pk": 6, "fields": {"name": "Can change permission", "content_type": 2, "codename": "change_permission"}}, {"model": "auth.permission", "pk": 7, "fields": {"name": "Can delete permission", "content_type": 2, "codename": "delete_permission"}}, {"model": "auth.permission", "pk": 8, "fields": {"name": "Can view permission", "content_type": 2, "codename": "view_permission"}}, {"model": "auth.permission", "pk": 9, "fields": {"name": "Can add group", "content_type": 3, "codename": "add_group"}}, {"model": "auth.permission", "pk": 10, "fields": {"name": "Can change group", "content_type": 3, "codename": "change_group"}}, {"model": "auth.permission", "pk": 11, "fields": {"name": "Can delete group", "content_type": 3, "codename": "delete_group"}}, {"model": "auth.permission", "pk": 12, "fields": {"name": "Can view group", "content_type": 3, "codename": "view_group"}}, {"model": "auth.permission", "pk": 13, "fields": {"name": "Can add content type", "content_type": 4, "codename": "add_contenttype"}}, {"model": "auth.permission", "pk": 14, "fields": {"name": "Can change content type", "content_type": 4, "codename": "change_contenttype"}}, {"model": "auth.permission", "pk": 15, "fields": {"name": "Can delete content type", "content_type": 4, "codename": "delete_contenttype"}}, {"model": "auth.permission", "pk": 16, "fields": {"name": "Can view content type", "content_type": 4, "codename": "view_contenttype"}}, {"model": "auth.permission", "pk": 17, "fields": {"name": "Can add session", "content_type": 5, "codename": "add_session"}}, {"model": "auth.permission", "pk": 18, "fields": {"name": "Can change session", "content_type": 5, "codename": "change_session"}}, {"model": "auth.permission", "pk": 19, "fields": {"name": "Can delete session", "content_type": 5, "codename": "delete_session"}}, {"model": "auth.permission", "pk": 20, "fields": {"name": "Can view session", "content_type": 5, "codename": "view_session"}}, {"model": "auth.permission", "pk": 21, "fields": {"name": "Can add category", "content_type": 6, "codename": "add_category"}}, {"model": "auth.permission", "pk": 22, "fields": {"name": "Can change category", "content_type": 6, "codename": "change_category"}}, {"model": "auth.permission", "pk": 23, "fields": {"name": "Can delete category", "content_type": 6, "codename": "delete_category"}}, {"model": "auth.permission", "pk": 24, "fields": {"name": "Can view category", "content_type": 6, "codename": "view_category"}}, {"model": "auth.permission", "pk": 25, "fields": {"name": "Can add account", "content_type": 7, "codename": "add_account"}}, {"model": "auth.permission", "pk": 26, "fields": {"name": "Can change account", "content_type": 7, "codename": "change_account"}}, {"model": "auth.permission", "pk": 27, "fields": {"name": "Can delete account", "content_type": 7, "codename": "delete_account"}}, {"model": "auth.permission", "pk": 28, "fields": {"name": "Can view account", "content_type": 7, "codename": "view_account"}}, {"model": "auth.permission", "pk": 29, "fields": {"name": "Can add product", "content_type": 8, "codename": "add_product"}}, {"model": "auth.permission", "pk": 30, "fields": {"name": "Can change product", "content_type": 8, "codename": "change_product"}}, {"model": "auth.permission", "pk": 31, "fields": {"name": "Can delete product", "content_type": 8, "codename": "delete_product"}}, {"model": "auth.permission", "pk": 32, "fields": {"name": "Can view product", "content_type": 8, "codename": "view_product"}}, {"model": "auth.permission", "pk": 33, "fields": {"name": "Can add cart", "content_type": 9, "codename": "add_cart"}}, {"model": "auth.permission", "pk": 34, "fields": {"name": "Can change cart", "content_type": 9, "codename": "change_cart"}}, {"model": "auth.permission", "pk": 35, "fields": {"name": "Can delete cart", "content_type": 9, "codename": "delete_cart"}}, {"model": "auth.permission", "pk": 36, "fields": {"name": "Can view cart", "content_type": 9, "codename": "view_cart"}}, {"model": "auth.permission", "pk": 37, "fields": {"name": "Can add cart item", "content_type": 10, "codename": "add_cartitem"}}, {"model": "auth.permission", "pk": 38, "fields": {"name": "Can change cart item", "content_type": 10, "codename": "change_cartitem"}}, {"model": "auth.permission", "pk": 39, "fields": {"name": "Can delete cart item", "content_type": 10, "codename": "delete_cartitem"}}, {"model": "auth.permission", "pk": 40, "fields": {"name": "Can view cart item", "content_type": 10, "codename": "view_cartitem"}}, {"model": "auth.permission", "pk": 41, "fields": {"name": "Can add variation", "content_type": 11, "codename": "add_variation"}}, {"model": "auth.permission", "pk": 42, "fields": {"name": "Can change variation", "content_type": 11, "codename": "change_variation"}}, {"model": "auth.permission", "pk": 43, "fields": {"name": "Can delete variation", "content_type": 11, "codename": "delete_variation"}}, {"model": "auth.permission", "pk": 44, "fields": {"name": "Can view variation", "content_type": 11, "codename": "view_variation"}}, {"model": "auth.permission", "pk": 45, "fields": {"name": "Can add payment", "content_type": 12, "codename": "add_payment"}}, {"model": "auth.permission", "pk": 46, "fields": {"name": "Can change payment", "content_type": 12, "codename": "change_payment"}}, {"model": "auth.permission", "pk": 47, "fields": {"name": "Can delete payment", "content_type": 12, "codename": "delete_payment"}}, {"model": "auth.permission", "pk": 48, "fields": {"name": "Can view payment", "content_type": 12, "codename": "view_payment"}}, {"model": "auth.permission", "pk": 49, "fields": {"name": "Can add order", "content_type": 13, "codename": "add_order"}}, {"model": "auth.permission", "pk": 50, "fields": {"name": "Can change order", "content_type": 13, "codename": "change_order"}}, {"model": "auth.permission", "pk": 51, "fields": {"name": "Can delete order", "content_type": 13, "codename": "delete_order"}}, {"model": "auth.permission", "pk": 52, "fields": {"name": "Can view order", "content_type": 13, "codename": "view_order"}}, {"model": "auth.permission", "pk": 53, "fields": {"name": "Can add order product", "content_type": 14, "codename": "add_orderproduct"}}, {"model": "auth.permission", "pk": 54, "fields": {"name": "Can change order product", "content_type": 14, "codename": "change_orderproduct"}}, {"model": "auth.permission", "pk": 55, "fields": {"name": "Can delete order product", "content_type": 14, "codename": "delete_orderproduct"}}, {"model": "auth.permission", "pk": 56, "fields": {"name": "Can view order product", "content_type": 14, "codename": "view_orderproduct"}}, {"model": "auth.permission", "pk": 57, "fields": {"name": "Can add review rating", "content_type": 15, "codename": "add_reviewrating"}}, {"model": "auth.permission", "pk": 58, "fields": {"name": "Can change review rating", "content_type": 15, "codename": "change_reviewrating"}}, {"model": "auth.permission", "pk": 59, "fields": {"name": "Can delete review rating", "content_type": 15, "codename": "delete_reviewrating"}}, {"model": "auth.permission", "pk": 60, "fields": {"name": "Can view review rating", "content_type": 15, "codename": "view_reviewrating"}}, {"model": "auth.permission", "pk": 61, "fields": {"name": "Can add user profile", "content_type": 16, "codename": "add_userprofile"}}, {"model": "auth.permission", "pk": 62, "fields": {"name": "Can change user profile", "content_type": 16, "codename": "change_userprofile"}}, {"model": "auth.permission", "pk": 63, "fields": {"name": "Can delete user profile", "content_type": 16, "codename": "delete_userprofile"}}, {"model": "auth.permission", "pk": 64, "fields": {"name": "Can view user profile", "content_type": 16, "codename": "view_userprofile"}}, {"model": "auth.permission", "pk": 65, "fields": {"name": "Can add product gallery", "content_type": 17, "codename": "add_productgallery"}}, {"model": "auth.permission", "pk": 66, "fields": {"name": "Can change product gallery", "content_type": 17, "codename": "change_productgallery"}}, {"model": "auth.permission", "pk": 67, "fields": {"name": "Can delete product gallery", "content_type": 17, "codename": "delete_productgallery"}}, {"model": "auth.permission", "pk": 68, "fields": {"name": "Can view product gallery", "content_type": 17, "codename": "view_productgallery"}}, {"model": "auth.permission", "pk": 69, "fields": {"name": "Can add login attempt", "content_type": 18, "codename": "add_loginattempt"}}, {"model": "auth.permission", "pk": 70, "fields": {"name": "Can change login attempt", "content_type": 18, "codename": "change_loginattempt"}}, {"model": "auth.permission", "pk": 71, "fields": {"name": "Can delete login attempt", "content_type": 18, "codename": "delete_loginattempt"}}, {"model": "auth.permission", "pk": 72, "fields": {"name": "Can view login attempt", "content_type": 18, "codename": "view_loginattempt"}}, {"model": "contenttypes.contenttype", "pk": 1, "fields": {"app_label": "admin", "model": "logentry"}}, {"model": "contenttypes.contenttype", "pk": 2, "fields": {"app_label": "auth", "model": "permission"}}, {"model": "contenttypes.contenttype", "pk": 3, "fields": {"app_label": "auth", "model": "group"}}, {"model": "contenttypes.contenttype", "pk": 4, "fields": {"app_label": "contenttypes", "model": "contenttype"}}, {"model": "contenttypes.contenttype", "pk": 5, "fields": {"app_label": "sessions", "model": "session"}}, {"model": "contenttypes.contenttype", "pk": 6, "fields": {"app_label": "category", "model": "category"}}, {"model": "contenttypes.contenttype", "pk": 7, "fields": {"app_label": "accounts", "model": "account"}}, {"model": "contenttypes.contenttype", "pk": 8, "fields": {"app_label": "store", "model": "product"}}, {"model": "contenttypes.contenttype", "pk": 9, "fields": {"app_label": "carts", "model": "cart"}}, {"model": "contenttypes.contenttype", "pk": 10, "fields": {"app_label": "carts", "model": "cartitem"}}, {"model": "contenttypes.contenttype", "pk": 11, "fields": {"app_label": "store", "model": "variation"}}, {"model": "contenttypes.contenttype", "pk": 12, "fields": {"app_label": "orders", "model": "payment"}}, {"model": "contenttypes.contenttype", "pk": 13, "fields": {"app_label": "orders", "model": "order"}}, {"model": "contenttypes.contenttype", "pk": 14, "fields": {"app_label": "orders", "model": "orderproduct"}}, {"model": "contenttypes.contenttype", "pk": 15, "fields": {"app_label": "store", "model": "reviewrating"}}, {"model": "contenttypes.contenttype", "pk": 16, "fields": {"app_label": "accounts", "model": "userprofile"}}, {"model": "contenttypes.contenttype", "pk": 17, "fields": {"app_label": "store", "model": "productgallery"}}, {"model": "contenttypes.contenttype", "pk": 18, "fields": {"app_label": "admin_honeypot", "model": "loginattempt"}}, {"model": "sessions.session", "pk": "0clas6pyoz25l5r3vppx4vs2ptoqudok", "fields": {"session_data": ".eJxVjMEOwiAQRP-FsyHCFpr16N1vIOyySNXQpLQn479Lkx70OPPezFuFuK0lbE2WMCV1UV6dfjuK_JS6g_SI9T5rnuu6TKR3RR-06duc5HU93L-DElvpa7YGBg-CllDIOYtmjMk58hbzkLw7c5ZMwNw5557BIFiJI_UNgvp8AeOTOBI:1lveGY:D-c13J8eHlJcbWxRXrC_MwdrjeGYCsMV0KTGOk4fP7o", "expire_date": "2021-07-06T11:08:26.879Z"}}, {"model": "sessions.session", "pk": "2we26w6ke0quw6wny6o1kzolfrsfaafb", "fields": {"session_data": ".eJxVjLEOwjAMRP8lM4rkOA4tIzvfEDmxQwqolZp2Qvw7rdQBppPuvbu3ibwuNa5N5ziIuRgwp98ucX7quAN58HifbJ7GZR6S3RV70GZvk-jrerh_B5Vb3dZdIGYQ7zM4AXQY1FHHHjDglgCOJPVnYkTSXtmXEooE0iQepZD5fAHAWzec:1lwhk9:A_f4la994nuz5BksFa7uA_NDE4PLEbDxZ5VoKG0y6bY", "expire_date": "2021-07-09T09:03:21.603Z"}}, {"model": "sessions.session", "pk": "4sdpi5o1pnd1ouyu0jn351tnmr4qug3d", "fields": {"session_data": ".eJxVjLEOwjAMRP8lM4rkOA4tIzvfEDmxQwqolZp2Qvw7rdQBppPuvbu3ibwuNa5N5ziIuRgwp98ucX7quAN58HifbJ7GZR6S3RV70GZvk-jrerh_B5Vb3dZdIGYQ7zM4AXQY1FHHHjDglgCOJPVnYkTSXtmXEooE0iQepZD5fAHAWzec:1lt0fv:aRCcBapF_D9GUL9vtzdMX-fQ4NwJaXIWUF01QAR856c", "expire_date": "2021-06-29T04:27:43.686Z"}}, {"model": "sessions.session", "pk": "ap551sg9ujob80jmp5jdymnqmyeahczq", "fields": {"session_data": ".eJxVjLEOwjAMRP8lM4rkOA4tIzvfEDmxQwqolZp2Qvw7rdQBppPuvbu3ibwuNa5N5ziIuRgwp98ucX7quAN58HifbJ7GZR6S3RV70GZvk-jrerh_B5Vb3dZdIGYQ7zM4AXQY1FHHHjDglgCOJPVnYkTSXtmXEooE0iQepZD5fAHAWzec:1lu6qq:fzvohVzYOL1qelv_rZfpvLKKh0hTVLqk0eZpRlYFmeU", "expire_date": "2021-07-02T05:15:32.440Z"}}, {"model": "sessions.session", "pk": "du3wr694xc01wgfaarmxvloqm5w9q5rd", "fields": {"session_data": ".eJxVjLEOwjAMRP8lM4rkOA4tIzvfEDmxQwqolZp2Qvw7rdQBppPuvbu3ibwuNa5N5ziIuRgwp98ucX7quAN58HifbJ7GZR6S3RV70GZvk-jrerh_B5Vb3dZdIGYQ7zM4AXQY1FHHHjDglgCOJPVnYkTSXtmXEooE0iQepZD5fAHAWzec:1lvvHx:SzWRK00BgwC-aZ_wNJO4mU-BmjNBNzaugGRx-Q_-5-o", "expire_date": "2021-07-07T05:19:01.856Z"}}, {"model": "sessions.session", "pk": "jrldlk49m3w237wsw2rj4l1e3y7fbbjx", "fields": {"session_data": ".eJxVjEEOwiAURO_C2hA__UDbpXvPQOADFrVgCl0Z726bdNNZznszX2ZqqDWVbFJOzbQ0h9rs_DFsBCWkRoG647IDkPrCjF3bZNYaFpM8GxmwU-csvULegX_a_CicSm5LcnxX-EErvxcf3rfDPR1Mtk7bWkZywWlP3kE_9KQdDRpRRiEIiayCKzgEVAp9kFrIPqpgY9dbtwWI_f74j0cM:1m1Rsn:J1vrL0KayIHic6hsWyus4K3q3i_mgddCCK9NmcuVIBw", "expire_date": "2021-07-22T11:07:53.742Z"}}, {"model": "sessions.session", "pk": "kant1vmuw3s4paumpwi8kad4rgheffw7", "fields": {"session_data": ".eJxVjLEOwjAMRP8lM4rkOA4tIzvfEDmxQwqolZp2Qvw7rdQBppPuvbu3ibwuNa5N5ziIuRgwp98ucX7quAN58HifbJ7GZR6S3RV70GZvk-jrerh_B5Vb3dZdIGYQ7zM4AXQY1FHHHjDglgCOJPVnYkTSXtmXEooE0iQepZD5fAHAWzec:1ly9PE:-DzQYGKfX5jsFzHexhehZZTkQqOOlKN6HG3_H82qhDg", "expire_date": "2021-07-13T08:47:44.015Z"}}, {"model": "sessions.session", "pk": "p79ifrg8syfonciyknqybarkuy7pmicm", "fields": {"session_data": ".eJxVjLEOwjAMRP8lM4rkOA4tIzvfEDmxQwqolZp2Qvw7rdQBppPuvbu3ibwuNa5N5ziIuRgwp98ucX7quAN58HifbJ7GZR6S3RV70GZvk-jrerh_B5Vb3dZdIGYQ7zM4AXQY1FHHHjDglgCOJPVnYkTSXtmXEooE0iQepZD5fAHAWzec:1lxohX:md9-JP_tqJgWUdwZjNhaOC9htsmCZI3BPWqWJ1uaYlk", "expire_date": "2021-07-12T10:41:15.721Z"}}, {"model": "sessions.session", "pk": "qjsmhbuwrplmy5wa5hc1u6pm2c5t07ja", "fields": {"session_data": ".eJxVjLEOwjAMRP8lM4rkOA4tIzvfEDmxQwqolZp2Qvw7rdQBppPuvbu3ibwuNa5N5ziIuRgwp98ucX7quAN58HifbJ7GZR6S3RV70GZvk-jrerh_B5Vb3dZdIGYQ7zM4AXQY1FHHHjDglgCOJPVnYkTSXtmXEooE0iQepZD5fAHAWzec:1m0Ncx:6okkAgcYQgMHjqqa57fiUwFPlPgGrWKXNFWz1GkQ3QA", "expire_date": "2021-07-19T12:23:07.138Z"}}, {"model": "sessions.session", "pk": "tya9jo12mcq2s0tpyjotxppehc003ig0", "fields": {"session_data": ".eJxVjLEOwjAMRP8lM4rkOA4tIzvfEDmxQwqolZp2Qvw7rdQBppPuvbu3ibwuNa5N5ziIuRgwp98ucX7quAN58HifbJ7GZR6S3RV70GZvk-jrerh_B5Vb3dZdIGYQ7zM4AXQY1FHHHjDglgCOJPVnYkTSXtmXEooE0iQepZD5fAHAWzec:1lyvct:uZ8ydAdv9VqHvgI6euav7immbxJ72v8rm2KS6KtQoRc", "expire_date": "2021-07-15T12:17:03.768Z"}}, {"model": "sessions.session", "pk": "u4jm4s0ft6qfsslx1gpov91zj3cwp60d", "fields": {"session_data": ".eJxVjEsOAiEQBe_C2hB-DejSvWcgTTfKqIFkPivj3ZVkFrp9VfVeIuG21rQtZU4Ti5PQVhx-x4z0KG0QvmO7dUm9rfOU5VDkThd56Vye5939O6i41FFDDBA8Fa21MgGIA5JyyoALxy_Mmkq8Zs8GVXA2e6AcAYxXHMEyivcH6sM3cA:1lwjj8:6-W3nPT2cJns84sRZPhWC2OtdUqG5CpCCcZ0SY29Ano", "expire_date": "2021-07-09T11:10:26.423Z"}}, {"model": "sessions.session", "pk": "uxpms6sq8lmfdye17sa4983cfdhpvryq", "fields": {"session_data": ".eJxVjLEOwjAMRP8lM4rkOA4tIzvfEDmxQwqolZp2Qvw7rdQBppPuvbu3ibwuNa5N5ziIuRgwp98ucX7quAN58HifbJ7GZR6S3RV70GZvk-jrerh_B5Vb3dZdIGYQ7zM4AXQY1FHHHjDglgCOJPVnYkTSXtmXEooE0iQepZD5fAHAWzec:1luByG:DBM-J1JXZAmwWoIvhiB-8b6HAmNxZChhYLkXDXhAD7Q", "expire_date": "2021-07-02T10:43:32.676Z"}}, {"model": "sessions.session", "pk": "v41xenm8q1zf9djce64p0lg33r98brxc", "fields": {"session_data": ".eJxVjEsOAiEQBe_C2hB-DejSvWcgTTfKqIFkPivj3ZVkFrp9VfVeIuG21rQtZU4Ti5PQVhx-x4z0KG0QvmO7dUm9rfOU5VDkThd56Vye5939O6i41FFDDBA8Fa21MgGIA5JyyoALxy_Mmkq8Zs8GVXA2e6AcAYxXHMEyivcH6sM3cA:1m0NbJ:qGj2c_z8rin1ysdw_i7KaTb0ietHPCfCOVMcxSYEd3U", "expire_date": "2021-07-19T12:21:25.363Z"}}, {"model": "category.category", "pk": 1, "fields": {"category_name": "Shirts", "slug": "shirts", "description": "This is the demo shirt category", "cat_image": "photos/categories/shirts.jpg"}}, {"model": "category.category", "pk": 2, "fields": {"category_name": "T Shirt", "slug": "t-shirt", "description": "This is a test description", "cat_image": "photos/categories/tshirts.jpg"}}, {"model": "category.category", "pk": 3, "fields": {"category_name": "Shoes", "slug": "shoes", "description": "These are shoes you might want to buy!", "cat_image": "photos/categories/shoes.png"}}, {"model": "category.category", "pk": 4, "fields": {"category_name": "Jackets", "slug": "jackets", "description": "Jackets Category", "cat_image": "photos/categories/jackets.jpg"}}, {"model": "category.category", "pk": 5, "fields": {"category_name": "Jeans", "slug": "jeans", "description": "These things won't be torn ever!", "cat_image": "photos/categories/jeans.jpg"}}, {"model": "accounts.account", "pk": 1, "fields": {"password": "pbkdf2_sha256$260000$ex9KZE1thrnU4pcHamFwHa$UAT1C3LRceu/3xpreBO3uqFSBbozmsuH+FO3PdS1EQg=", "first_name": "Jo Constantine", "last_name": "Nguyen", "username": "joconstantine", "email": "belovedpuppy90@gmail.com", "phone_number": "8488484848", "date_joined": "2021-06-14T10:10:27.598Z", "last_login": "2021-07-08T11:07:53.731Z", "is_admin": true, "is_staff": true, "is_active": true, "is_superadmin": true}}, {"model": "accounts.account", "pk": 13, "fields": {"password": "pbkdf2_sha256$260000$dwF1jYWpsJB96j5TLT2u9e$rHeiaLHSzPqJlNEMjyDwJQCFecQI/sR1xCjfW6DsiG8=", "first_name": "Xuan Hieu", "last_name": "Nguyen", "username": "nguyenxuanhieu14081988", "email": "nguyenxuanhieu14081988@gmail.com", "phone_number": "848848484", "date_joined": "2021-06-23T05:42:30.383Z", "last_login": "2021-07-08T10:34:16.898Z", "is_admin": false, "is_staff": false, "is_active": true, "is_superadmin": false}}, {"model": "accounts.account", "pk": 14, "fields": {"password": "pbkdf2_sha256$260000$NXe7ljQnztYPqWma9LYiXB$Da4/5POLttNmGgZ1fV5nWi8ujK6uK8fj856j7azxkCk=", "first_name": "Xuan Thang", "last_name": "Nguyen", "username": "nguyenxuanthang01011984", "email": "nguyenxuanthang01011984@gmail.com", "phone_number": "12121212121", "date_joined": "2021-07-07T09:49:56.358Z", "last_login": "2021-07-07T10:04:51.619Z", "is_admin": false, "is_staff": false, "is_active": true, "is_superadmin": false}}, {"model": "accounts.userprofile", "pk": 1, "fields": {"user": 1, "address_line_1": "21 Telok Blangah Drive", "address_line_2": "#19-04", "profile_picture": "userprofile/inappropriate-purring-in-cats-527a51772970e_y6mRDS9.jpg", "city": "Singapore", "state": "Singapore", "country": "Singapore"}}, {"model": "accounts.userprofile", "pk": 2, "fields": {"user": 13, "address_line_1": "5 Ang Mo Kio Street 62", "address_line_2": "NCS Hub", "profile_picture": "userprofile/wallls.com_180451.jpg", "city": "Singapore", "state": "Singapore", "country": "Singapore"}}, {"model": "accounts.userprofile", "pk": 3, "fields": {"user": 14, "address_line_1": "", "address_line_2": "", "profile_picture": "default/default-user.jpg", "city": "", "state": "", "country": ""}}, {"model": "store.product", "pk": 1, "fields": {"product_name": "ATX Jeans", "slug": "atx-jeans", "description": "am est qui dolorem ipsum quia dolor sit am Jeans fdgdfgdfg", "price": 199, "image": "photos/products/ATX-Jeans.jpg", "stock": 88, "is_available": true, "category": 5, "created_date": "2021-06-15T04:29:30.398Z", "modified_date": "2021-07-08T10:01:23.805Z"}}, {"model": "store.product", "pk": 2, "fields": {"product_name": "ATX Blue Shirt", "slug": "atx-blue-shirt", "description": "eget ullamcorper nisl finibus eu. Nulla placerat elementum suscipit. Mauris suscipit nec dui sit amet maximus. Interdum et malesuada fames ac ante ipsum primis in faucibus. Curabitur cursus quam dui, in tristique mauris condimentum non. Pellentesque ac vestibulum massa. Cras vel felis sit amet nulla gravida semper at vitae ips", "price": 99, "image": "photos/products/Blue-Shirt.jpg", "stock": 193, "is_available": true, "category": 1, "created_date": "2021-06-15T04:30:46.834Z", "modified_date": "2021-07-08T10:01:35.242Z"}}, {"model": "store.product", "pk": 3, "fields": {"product_name": "Wrangler Shirt", "slug": "wrangler-shirt", "description": "s a, fringilla sed quam. In non pulvinar dui. Suspendisse eu diam ut nisl vestibulum accumsan. Lorem ipsum dolor sit amet, consectetur adipiscing elit. Proin fermentum mi vel pretium consectetur. Fusce sodales leo sit amet enim suscipit vestibulum. Suspendisse dapibus leo ligula, a tempus leo elementum id. Integer ut erat felis. Maecenas tincidunt et dui tincidunt scelerisque. Nunc ligula urna, porta sed neque sed, mattis tempor odio. Nulla vel bibendum nisi. Lorem ipsum dolor sit amet, consecte", "price": 599, "image": "photos/products/Wrangler-Shirt.jpg", "stock": 1999, "is_available": true, "category": 1, "created_date": "2021-06-15T04:31:29.148Z", "modified_date": "2021-07-02T10:28:19.624Z"}}, {"model": "store.product", "pk": 4, "fields": {"product_name": "US Polo Assn Jacket", "slug": "us-polo-assn-jacket", "description": "nunc eu tortor. Morbi ornare ante et quam porttitor malesuada. Nunc efficitur eu urna id consectetur. Aenean convallis magna sit amet aliquet maximus. Suspendisse rutrum, lectus id molestie pharetra, ligula urna blandit orci, eget consectetur enim est vel tellus. Ut risus velit, suscipit a suscipit sed, sollicitudin tempor mi. Nunc aliquam tempus faucibus. Duis commodo, lorem et maximus tempor, tellus purus scelerisque metus", "price": 599, "image": "photos/products/US-Polo-Assn_Jacket.jpg", "stock": 298, "is_available": true, "category": 4, "created_date": "2021-06-15T04:32:14.139Z", "modified_date": "2021-07-08T10:01:46.925Z"}}, {"model": "store.product", "pk": 5, "fields": {"product_name": "Puma Ferrari Shoes", "slug": "puma-ferrari-shoes", "description": "iosqu ad litora torquent per conubia nostra, per inceptos himenaeos. Nunc sit amet sodales leo. Integer ac nunc nibh. Phasellus at molestie quam, sed scelerisque erat. Vestibulum quis est sed erat bibendum tempor ac a lacus. Suspendisse auctor ac purus nec fermentum.", "price": 1099, "image": "photos/products/Puma-Ferrari-Shoes.jpg", "stock": 499, "is_available": true, "category": 3, "created_date": "2021-06-15T04:33:23.328Z", "modified_date": "2021-07-05T12:32:35.788Z"}}, {"model": "store.product", "pk": 6, "fields": {"product_name": "Mavi Jeans", "slug": "mavi-jeans", "description": "met aliquet maximus. Suspendisse rutrum, lectus id molestie pharetra, ligula urna blandit orci, eget consectetur enim est vel tellus. Ut risus velit, suscipit a suscipit sed, sollicitudin tempor mi. Nunc aliquam tempus faucibus. Duis commodo, lorem et maximus tempor, tellus purus scelerisque metus, e", "price": 499, "image": "photos/products/image1.jpg", "stock": 1000, "is_available": true, "category": 5, "created_date": "2021-06-15T04:34:02.452Z", "modified_date": "2021-06-15T04:34:02.452Z"}}, {"model": "store.product", "pk": 7, "fields": {"product_name": "Jordan Basketball Shoes", "slug": "jordan-basketball-shoes", "description": "t, tristique dignissim arcu molestie eu. Vivamus blandit interdum efficitur. Sed eget vehicula diam. Donec sit amet metus felis. Pellentesque in dui augue. Quisque eget metus facilisis, feugiat mi a, aliquam nunc. Lorem ipsum dolor sit amet, consectetur adipiscing elit. In hac habitasse platea dictumst. Cr", "price": 999, "image": "photos/products/jordan-true-flight-basketball-shoes.jpg", "stock": 498, "is_available": true, "category": 3, "created_date": "2021-06-15T04:34:41.739Z", "modified_date": "2021-07-02T10:45:01.801Z"}}, {"model": "store.product", "pk": 8, "fields": {"product_name": "Great Tshirt", "slug": "great-tshirt", "description": "dolor sit amet, consectetur adipiscing elit. Proin blandit quam tincidunt ultrices consectetur. Vivamus consectetur tellus sit amet augue malesuada auctor. Curabitur bibendum mattis magna nec posuere. Phasellus tristique, velit lacinia tincidunt faucibus, massa risus scelerisque velit, eu v", "price": 119, "image": "photos/products/Great-Tshirt.jpg", "stock": 0, "is_available": true, "category": 2, "created_date": "2021-06-15T04:35:31.638Z", "modified_date": "2021-06-16T11:07:30.181Z"}}, {"model": "store.variation", "pk": 1, "fields": {"product": 1, "variation_category": "color", "variation_value": "White", "is_active": true, "create_date": "2021-06-18T10:44:42.997Z"}}, {"model": "store.variation", "pk": 2, "fields": {"product": 1, "variation_category": "color", "variation_value": "Blue", "is_active": true, "create_date": "2021-06-18T10:45:34.347Z"}}, {"model": "store.variation", "pk": 3, "fields": {"product": 1, "variation_category": "color", "variation_value": "Green", "is_active": true, "create_date": "2021-06-18T10:45:48.248Z"}}, {"model": "store.variation", "pk": 4, "fields": {"product": 1, "variation_category": "size", "variation_value": "Small", "is_active": true, "create_date": "2021-06-18T10:59:28.308Z"}}, {"model": "store.variation", "pk": 5, "fields": {"product": 1, "variation_category": "size", "variation_value": "Medium", "is_active": true, "create_date": "2021-06-18T11:02:38.895Z"}}, {"model": "store.variation", "pk": 6, "fields": {"product": 1, "variation_category": "size", "variation_value": "Large", "is_active": true, "create_date": "2021-06-18T11:02:45.516Z"}}, {"model": "store.reviewrating", "pk": 1, "fields": {"product": 1, "user": 13, "subject": "Testing - Updated", "review": "Updated Test", "rating": 3.5, "ip": "127.0.0.1", "status": true, "created_at": "2021-07-05T12:15:00.630Z", "updated_at": "2021-07-05T12:53:25.545Z"}}, {"model": "store.reviewrating", "pk": 2, "fields": {"product": 1, "user": 1, "subject": "Good", "review": "Another Review", "rating": 5.0, "ip": "", "status": true, "created_at": "2021-07-05T12:35:32.651Z", "updated_at": "2021-07-05T12:53:35.322Z"}}, {"model": "store.reviewrating", "pk": 3, "fields": {"product": 2, "user": 13, "subject": "OK Lah", "review": "", "rating": 3.5, "ip": "127.0.0.1", "status": true, "created_at": "2021-07-08T10:34:32.210Z", "updated_at": "2021-07-08T10:34:32.210Z"}}, {"model": "store.reviewrating", "pk": 4, "fields": {"product": 3, "user": 13, "subject": "", "review": "", "rating": 4.5, "ip": "127.0.0.1", "status": true, "created_at": "2021-07-08T10:34:39.819Z", "updated_at": "2021-07-08T10:34:39.819Z"}}, {"model": "store.reviewrating", "pk": 5, "fields": {"product": 4, "user": 13, "subject": "", "review": "", "rating": 1.5, "ip": "127.0.0.1", "status": true, "created_at": "2021-07-08T10:34:48.496Z", "updated_at": "2021-07-08T10:34:48.496Z"}}, {"model": "store.reviewrating", "pk": 6, "fields": {"product": 5, "user": 13, "subject": "", "review": "", "rating": 3.5, "ip": "127.0.0.1", "status": true, "created_at": "2021-07-08T10:34:56.929Z", "updated_at": "2021-07-08T10:34:56.929Z"}}, {"model": "store.productgallery", "pk": 1, "fields": {"product": 1, "image": "store/products/image1.jpg"}}, {"model": "store.productgallery", "pk": 2, "fields": {"product": 1, "image": "store/products/image2.jpg"}}, {"model": "store.productgallery", "pk": 3, "fields": {"product": 1, "image": "store/products/image13.jpg"}}, {"model": "store.productgallery", "pk": 4, "fields": {"product": 2, "image": "store/products/Blue-Shirt.jpg"}}, {"model": "store.productgallery", "pk": 5, "fields": {"product": 4, "image": "store/products/Wrangler-Shirt.jpg"}}, {"model": "store.productgallery", "pk": 6, "fields": {"product": 4, "image": "store/products/US-Polo-Assn_Jacket.jpg"}}, {"model": "carts.cart", "pk": 1, "fields": {"cart_id": "xfjhmeiqzoi0e7virbyhhy2d7ax1711z", "date_added": "2021-06-17T10:21:52.820Z"}}, {"model": "carts.cart", "pk": 2, "fields": {"cart_id": "3ew92oew5v30velttc5njnnjui8huj6u", "date_added": "2021-06-18T04:42:42.087Z"}}, {"model": "carts.cart", "pk": 3, "fields": {"cart_id": "hdnjw0w0sj2xx8tolmm2n4uznj1ihf7n", "date_added": "2021-06-18T10:32:41.239Z"}}, {"model": "carts.cart", "pk": 4, "fields": {"cart_id": "uxpms6sq8lmfdye17sa4983cfdhpvryq", "date_added": "2021-06-18T10:54:34.911Z"}}, {"model": "carts.cart", "pk": 5, "fields": {"cart_id": "88t7expo3izs02rgsfdz0z7cbd0nxudn", "date_added": "2021-06-24T10:03:04.102Z"}}, {"model": "carts.cart", "pk": 6, "fields": {"cart_id": "1cegv91j0yqaj5w2435ve8w69m6w4bfu", "date_added": "2021-06-24T10:26:52.610Z"}}, {"model": "carts.cart", "pk": 7, "fields": {"cart_id": "oko2l5td4tep1jfv4h71rp4ft6uugt0c", "date_added": "2021-06-25T08:49:01.241Z"}}, {"model": "carts.cart", "pk": 8, "fields": {"cart_id": "uus1oakzow8askoyisev3autspz9nmgl", "date_added": "2021-06-25T08:49:29.294Z"}}, {"model": "carts.cart", "pk": 9, "fields": {"cart_id": "w6i622xwa4xbnuwdpwijladw0q7tuswx", "date_added": "2021-06-25T08:55:51.879Z"}}, {"model": "carts.cart", "pk": 10, "fields": {"cart_id": "438a0eiesja5y1lm81wk01uz1jj7v56u", "date_added": "2021-06-25T08:57:54.308Z"}}, {"model": "carts.cart", "pk": 11, "fields": {"cart_id": "bqc9vxqrsho9bpfijwubwbd6e4mr1ns5", "date_added": "2021-06-25T09:23:00.284Z"}}, {"model": "carts.cart", "pk": 12, "fields": {"cart_id": "nrh3h242y4vl6revyvyncvc9pzmb08nh", "date_added": "2021-06-25T09:59:55.096Z"}}, {"model": "carts.cart", "pk": 13, "fields": {"cart_id": "w3x3ihohnjccik905qa0l1bllj0d4uen", "date_added": "2021-06-25T10:00:05.748Z"}}, {"model": "carts.cart", "pk": 14, "fields": {"cart_id": "8i3s1r8trzlapc0ptra0h525icmi1aq6", "date_added": "2021-06-25T10:01:00.569Z"}}, {"model": "carts.cart", "pk": 15, "fields": {"cart_id": "vim0234p7mflbigozw4nkue7bkhlqc1u", "date_added": "2021-06-25T10:01:42.846Z"}}, {"model": "carts.cart", "pk": 16, "fields": {"cart_id": "74q7i0nbjrorkxs4i7nj4pvvsow35qqe", "date_added": "2021-06-25T10:03:25.288Z"}}, {"model": "carts.cart", "pk": 17, "fields": {"cart_id": "nzltrzjhjt0jqq7d44at76nymtvdkec8", "date_added": "2021-06-25T10:05:11.775Z"}}, {"model": "carts.cart", "pk": 18, "fields": {"cart_id": "kk7g2tyi1bjgj1hptq5lpccv7cg1nkwn", "date_added": "2021-06-25T10:05:26.394Z"}}, {"model": "carts.cart", "pk": 19, "fields": {"cart_id": "ayf2zwghidpp6addz6dlhlk6vqkno6x8", "date_added": "2021-06-25T10:13:46.731Z"}}, {"model": "carts.cart", "pk": 20, "fields": {"cart_id": "280b9fdwnalfj5wwkgzhikvigr20gyc2", "date_added": "2021-06-25T10:18:18.238Z"}}, {"model": "carts.cart", "pk": 21, "fields": {"cart_id": "0lhamzun13oebxhrnd9hrbqp3y92b5v0", "date_added": "2021-06-25T10:18:29.794Z"}}, {"model": "carts.cart", "pk": 22, "fields": {"cart_id": "0a7l7ndodp1aiqfxmbw4lbwy5bog6pgb", "date_added": "2021-06-25T10:18:54.838Z"}}, {"model": "carts.cart", "pk": 23, "fields": {"cart_id": "odkcirtafd108fcgbwtza21327m32c06", "date_added": "2021-06-25T10:20:10.256Z"}}, {"model": "carts.cart", "pk": 24, "fields": {"cart_id": "fuvl7pfesxqcdwl2uzit4pfjxqcsoiwa", "date_added": "2021-06-25T10:20:25.449Z"}}, {"model": "carts.cart", "pk": 25, "fields": {"cart_id": "pugdzn96rpa8v6wzobla3oiofvg9rkrd", "date_added": "2021-06-25T10:21:47.964Z"}}, {"model": "carts.cart", "pk": 26, "fields": {"cart_id": "6mocgcshodenjq8m2ud5vuz1dbxdavhr", "date_added": "2021-06-25T10:22:49.350Z"}}, {"model": "carts.cart", "pk": 27, "fields": {"cart_id": "cfqwvkox1m58gtrwhjjnz3xehl24i05e", "date_added": "2021-06-25T10:23:11.356Z"}}, {"model": "carts.cart", "pk": 28, "fields": {"cart_id": "3y05jtelarcgw1uvmb4pbosx98lm5f4t", "date_added": "2021-06-25T10:23:25.256Z"}}, {"model": "carts.cart", "pk": 29, "fields": {"cart_id": "hznpkp0cu695f7nk8kbmzv71wgigopqg", "date_added": "2021-06-25T10:42:32.182Z"}}, {"model": "carts.cart", "pk": 30, "fields": {"cart_id": "0ujnq0jy9epq1yt60icyvjknd05wgat5", "date_added": "2021-06-25T10:45:55.303Z"}}, {"model": "carts.cart", "pk": 31, "fields": {"cart_id": "wub4gmq1bz46upzv1kez6ueldpi3ca1v", "date_added": "2021-06-25T10:47:26.224Z"}}, {"model": "carts.cart", "pk": 32, "fields": {"cart_id": "m2pdm0a8bwfi4937tcsiwnoegyoosf3q", "date_added": "2021-06-25T10:48:45.444Z"}}, {"model": "carts.cart", "pk": 33, "fields": {"cart_id": "0ogy6k8etrktspzfhp6w5buqlytuszpz", "date_added": "2021-06-25T10:51:09.175Z"}}, {"model": "carts.cart", "pk": 34, "fields": {"cart_id": "nzg8270am4n4le87b6bdfsmbohu5wg37", "date_added": "2021-06-25T10:52:44.594Z"}}, {"model": "carts.cart", "pk": 35, "fields": {"cart_id": "bsmw8ntre1g6vybw0e3ijlibn05y27yo", "date_added": "2021-06-25T10:53:30.788Z"}}, {"model": "carts.cart", "pk": 36, "fields": {"cart_id": "6oumzcw4yqp59ap2c2cwvz4qnrri67ef", "date_added": "2021-06-25T10:54:23.729Z"}}, {"model": "carts.cart", "pk": 37, "fields": {"cart_id": "h4vb82yq5860b68vf7nf27bqekd4r3p8", "date_added": "2021-06-25T10:57:03.524Z"}}, {"model": "carts.cart", "pk": 38, "fields": {"cart_id": "a87jiznle42lp5hyn1tiehpxu5aobfrh", "date_added": "2021-06-25T10:57:38.551Z"}}, {"model": "carts.cart", "pk": 39, "fields": {"cart_id": "tx9jea7282b4q74sdt7apj9gr3robc3q", "date_added": "2021-06-25T10:58:11.373Z"}}, {"model": "carts.cart", "pk": 40, "fields": {"cart_id": "gkogsds8jh47cg10397opxk7135f9srm", "date_added": "2021-06-25T11:10:24.315Z"}}, {"model": "carts.cartitem", "pk": 68, "fields": {"product": 1, "cart": 33, "quantity": 1, "is_active": true, "user": null, "variations": [1, 5]}}, {"model": "carts.cartitem", "pk": 69, "fields": {"product": 1, "cart": 33, "quantity": 1, "is_active": true, "user": null, "variations": [2, 5]}}, {"model": "carts.cartitem", "pk": 70, "fields": {"product": 1, "cart": 34, "quantity": 1, "is_active": true, "user": null, "variations": [2, 5]}}, {"model": "carts.cartitem", "pk": 71, "fields": {"product": 1, "cart": 35, "quantity": 1, "is_active": true, "user": null, "variations": [2, 5]}}, {"model": "carts.cartitem", "pk": 72, "fields": {"product": 1, "cart": 36, "quantity": 1, "is_active": true, "user": null, "variations": [2, 5]}}, {"model": "carts.cartitem", "pk": 74, "fields": {"product": 1, "cart": 38, "quantity": 1, "is_active": true, "user": null, "variations": [2, 5]}}, {"model": "carts.cartitem", "pk": 77, "fields": {"product": 2, "cart": 40, "quantity": 1, "is_active": true, "user": null, "variations": []}}, {"model": "orders.payment", "pk": 1, "fields": {"user": 13, "payment_id": "0G083932T2590802F", "payment_method": "PayPal", "amount_paid": 1216.86, "status": "COMPLETED", "created_at": "2021-06-29T08:47:02.759Z"}}, {"model": "orders.payment", "pk": 2, "fields": {"user": 13, "payment_id": "1CG96681BC262193M", "payment_method": "PayPal", "amount_paid": 1216.86, "status": "COMPLETED", "created_at": "2021-06-29T08:47:23.590Z"}}, {"model": "orders.payment", "pk": 3, "fields": {"user": 13, "payment_id": "42F206517C629752R", "payment_method": "PayPal", "amount_paid": 1216.86, "status": "COMPLETED", "created_at": "2021-06-29T08:48:16.291Z"}}, {"model": "orders.payment", "pk": 4, "fields": {"user": 13, "payment_id": "0CB04703HR841462X", "payment_method": "PayPal", "amount_paid": 1216.86, "status": "COMPLETED", "created_at": "2021-07-01T12:33:22.642Z"}}, {"model": "orders.payment", "pk": 5, "fields": {"user": 13, "payment_id": "56B642158R9493525", "payment_method": "PayPal", "amount_paid": 1216.86, "status": "COMPLETED", "created_at": "2021-07-01T12:40:17.649Z"}}, {"model": "orders.payment", "pk": 6, "fields": {"user": 13, "payment_id": "0HY01113LE439331H", "payment_method": "PayPal", "amount_paid": 1114.86, "status": "COMPLETED", "created_at": "2021-07-01T12:43:24.171Z"}}, {"model": "orders.payment", "pk": 7, "fields": {"user": 13, "payment_id": "59453384LE966915C", "payment_method": "PayPal", "amount_paid": 1114.86, "status": "COMPLETED", "created_at": "2021-07-01T12:45:16.188Z"}}, {"model": "orders.payment", "pk": 8, "fields": {"user": 13, "payment_id": "1BL34473JC207303P", "payment_method": "PayPal", "amount_paid": 100.98, "status": "COMPLETED", "created_at": "2021-07-02T10:10:12.882Z"}}, {"model": "orders.payment", "pk": 9, "fields": {"user": 13, "payment_id": "2GN810020N592553V", "payment_method": "PayPal", "amount_paid": 202.98, "status": "COMPLETED", "created_at": "2021-07-02T10:11:17.246Z"}}, {"model": "orders.payment", "pk": 10, "fields": {"user": 13, "payment_id": "21G075008F907211W", "payment_method": "PayPal", "amount_paid": 610.98, "status": "COMPLETED", "created_at": "2021-07-02T10:28:19.588Z"}}, {"model": "orders.payment", "pk": 11, "fields": {"user": 13, "payment_id": "2MV829928C845235A", "payment_method": "PayPal", "amount_paid": 1018.98, "status": "COMPLETED", "created_at": "2021-07-02T10:30:40.874Z"}}, {"model": "orders.payment", "pk": 12, "fields": {"user": 13, "payment_id": "0YD13427DY8212210", "payment_method": "PayPal", "amount_paid": 2240.94, "status": "COMPLETED", "created_at": "2021-07-02T10:45:01.730Z"}}, {"model": "orders.payment", "pk": 13, "fields": {"user": 13, "payment_id": "8HR01224EE795470S", "payment_method": "PayPal", "amount_paid": 608.94, "status": "COMPLETED", "created_at": "2021-07-02T10:46:51.104Z"}}, {"model": "orders.payment", "pk": 14, "fields": {"user": 13, "payment_id": "37B09809SN193394P", "payment_method": "PayPal", "amount_paid": 1120.98, "status": "COMPLETED", "created_at": "2021-07-05T12:32:35.082Z"}}, {"model": "orders.order", "pk": 3, "fields": {"user": 13, "payment": null, "order_number": "202106283", "first_name": "Jo Constantine", "last_name": "Nguyen", "phone": "84040274", "email": "constantine@ncs.com.sg", "address_line_1": "21 Telok Blangah Drive", "address_line_2": "#19-04", "country": "Singapore", "state": "Singapore", "city": "Singapore", "order_note": "Order Note", "order_total": 1216.86, "tax": 23.86, "status": "New", "ip": "127.0.0.1", "is_ordered": false, "created_at": "2021-06-28T10:49:18.667Z", "updated_at": "2021-06-28T10:49:18.675Z"}}, {"model": "orders.order", "pk": 4, "fields": {"user": 13, "payment": null, "order_number": "202106284", "first_name": "Jo Constantine", "last_name": "Nguyen", "phone": "84040274", "email": "constantine@ncs.com.sg", "address_line_1": "21 Telok Blangah Drive", "address_line_2": "#19-04", "country": "Singapore", "state": "Singapore", "city": "Singapore", "order_note": "sdfsfsdfds", "order_total": 1216.86, "tax": 23.86, "status": "New", "ip": "127.0.0.1", "is_ordered": false, "created_at": "2021-06-28T11:11:39.047Z", "updated_at": "2021-06-28T11:11:39.055Z"}}, {"model": "orders.order", "pk": 5, "fields": {"user": 13, "payment": null, "order_number": "202106285", "first_name": "Jo Constantine", "last_name": "Nguyen", "phone": "84040274", "email": "constantine@ncs.com.sg", "address_line_1": "21 Telok Blangah Drive", "address_line_2": "#19-04", "country": "Singapore", "state": "Singapore", "city": "Singapore", "order_note": "sdfsfsdfds", "order_total": 1216.86, "tax": 23.86, "status": "New", "ip": "127.0.0.1", "is_ordered": false, "created_at": "2021-06-28T11:12:57.212Z", "updated_at": "2021-06-28T11:12:57.222Z"}}, {"model": "orders.order", "pk": 6, "fields": {"user": 13, "payment": null, "order_number": "202106286", "first_name": "Jo Constantine", "last_name": "Nguyen", "phone": "84040274", "email": "constantine@ncs.com.sg", "address_line_1": "21 Telok Blangah Drive", "address_line_2": "#19-04", "country": "Singapore", "state": "Singapore", "city": "Singapore", "order_note": "sdfsfsdfds", "order_total": 1216.86, "tax": 23.86, "status": "New", "ip": "127.0.0.1", "is_ordered": false, "created_at": "2021-06-28T11:13:24.644Z", "updated_at": "2021-06-28T11:13:24.653Z"}}, {"model": "orders.order", "pk": 7, "fields": {"user": 13, "payment": null, "order_number": "202106287", "first_name": "Jo Constantine", "last_name": "Nguyen", "phone": "84040274", "email": "constantine@ncs.com.sg", "address_line_1": "21 Telok Blangah Drive", "address_line_2": "#19-04", "country": "Singapore", "state": "Singapore", "city": "Singapore", "order_note": "sdfsfsdfds", "order_total": 1216.86, "tax": 23.86, "status": "New", "ip": "127.0.0.1", "is_ordered": false, "created_at": "2021-06-28T11:13:37.305Z", "updated_at": "2021-06-28T11:13:37.314Z"}}, {"model": "orders.order", "pk": 8, "fields": {"user": 13, "payment": null, "order_number": "202106288", "first_name": "Jo Constantine", "last_name": "Nguyen", "phone": "84040274", "email": "constantine@ncs.com.sg", "address_line_1": "21 Telok Blangah Drive", "address_line_2": "#19-04", "country": "Singapore", "state": "Singapore", "city": "Singapore", "order_note": "sdfsfsdfds", "order_total": 1216.86, "tax": 23.86, "status": "New", "ip": "127.0.0.1", "is_ordered": false, "created_at": "2021-06-28T11:14:02.452Z", "updated_at": "2021-06-28T11:14:02.462Z"}}, {"model": "orders.order", "pk": 9, "fields": {"user": 13, "payment": null, "order_number": "202106289", "first_name": "Jo Constantine", "last_name": "Nguyen", "phone": "84040274", "email": "constantine@ncs.com.sg", "address_line_1": "21 Telok Blangah Drive", "address_line_2": "#19-04", "country": "Singapore", "state": "Singapore", "city": "Singapore", "order_note": "sdfsfsdfds", "order_total": 1216.86, "tax": 23.86, "status": "New", "ip": "127.0.0.1", "is_ordered": false, "created_at": "2021-06-28T11:14:28.158Z", "updated_at": "2021-06-28T11:14:28.177Z"}}, {"model": "orders.order", "pk": 10, "fields": {"user": 13, "payment": null, "order_number": "2021062810", "first_name": "Jo Constantine", "last_name": "Nguyen", "phone": "84040274", "email": "constantine@ncs.com.sg", "address_line_1": "21 Telok Blangah Drive", "address_line_2": "#19-04", "country": "Singapore", "state": "Singapore", "city": "Singapore", "order_note": "sdfsfsdfds", "order_total": 1216.86, "tax": 23.86, "status": "New", "ip": "127.0.0.1", "is_ordered": false, "created_at": "2021-06-28T11:16:05.653Z", "updated_at": "2021-06-28T11:16:05.664Z"}}, {"model": "orders.order", "pk": 11, "fields": {"user": 13, "payment": null, "order_number": "2021062811", "first_name": "Jo Constantine", "last_name": "Nguyen", "phone": "84040274", "email": "constantine@ncs.com.sg", "address_line_1": "21 Telok Blangah Drive", "address_line_2": "#19-04", "country": "Singapore", "state": "Singapore", "city": "Singapore", "order_note": "sdfsfsdfds", "order_total": 1216.86, "tax": 23.86, "status": "New", "ip": "127.0.0.1", "is_ordered": false, "created_at": "2021-06-28T11:16:21.025Z", "updated_at": "2021-06-28T11:16:21.035Z"}}, {"model": "orders.order", "pk": 12, "fields": {"user": 13, "payment": null, "order_number": "2021062812", "first_name": "Jo Constantine", "last_name": "Nguyen", "phone": "84040274", "email": "constantine@ncs.com.sg", "address_line_1": "21 Telok Blangah Drive", "address_line_2": "#19-04", "country": "Singapore", "state": "Singapore", "city": "Singapore", "order_note": "sdfsfsdfds", "order_total": 1216.86, "tax": 23.86, "status": "New", "ip": "127.0.0.1", "is_ordered": false, "created_at": "2021-06-28T11:16:44.712Z", "updated_at": "2021-06-28T11:16:44.720Z"}}, {"model": "orders.order", "pk": 13, "fields": {"user": 13, "payment": null, "order_number": "2021062813", "first_name": "Jo Constantine", "last_name": "Nguyen", "phone": "84040274", "email": "constantine@ncs.com.sg", "address_line_1": "21 Telok Blangah Drive", "address_line_2": "#19-04", "country": "Singapore", "state": "Singapore", "city": "Singapore", "order_note": "sdfsfsdfds", "order_total": 1216.86, "tax": 23.86, "status": "New", "ip": "127.0.0.1", "is_ordered": false, "created_at": "2021-06-28T11:17:00.798Z", "updated_at": "2021-06-28T11:17:00.809Z"}}, {"model": "orders.order", "pk": 14, "fields": {"user": 13, "payment": null, "order_number": "2021062814", "first_name": "Jo Constantine", "last_name": "Nguyen", "phone": "84040274", "email": "constantine@ncs.com.sg", "address_line_1": "21 Telok Blangah Drive", "address_line_2": "#19-04", "country": "Singapore", "state": "Singapore", "city": "Singapore", "order_note": "sdfsfsdfds", "order_total": 1216.86, "tax": 23.86, "status": "New", "ip": "127.0.0.1", "is_ordered": false, "created_at": "2021-06-28T11:17:22.229Z", "updated_at": "2021-06-28T11:17:22.238Z"}}, {"model": "orders.order", "pk": 15, "fields": {"user": 13, "payment": null, "order_number": "2021062915", "first_name": "Jo Constantine", "last_name": "Nguyen", "phone": "84040274", "email": "constantine@ncs.com.sg", "address_line_1": "21 Telok Blangah Drive", "address_line_2": "#19-04", "country": "Singapore", "state": "Singapore", "city": "Singapore", "order_note": "", "order_total": 1216.86, "tax": 23.86, "status": "New", "ip": "127.0.0.1", "is_ordered": false, "created_at": "2021-06-29T07:16:32.809Z", "updated_at": "2021-06-29T07:16:32.823Z"}}, {"model": "orders.order", "pk": 16, "fields": {"user": 13, "payment": null, "order_number": "2021062916", "first_name": "Jo Constantine", "last_name": "Nguyen", "phone": "84040274", "email": "constantine@ncs.com.sg", "address_line_1": "21 Telok Blangah Drive", "address_line_2": "#19-04", "country": "Singapore", "state": "Singapore", "city": "Singapore", "order_note": "", "order_total": 1216.86, "tax": 23.86, "status": "New", "ip": "127.0.0.1", "is_ordered": false, "created_at": "2021-06-29T07:18:04.899Z", "updated_at": "2021-06-29T07:18:04.907Z"}}, {"model": "orders.order", "pk": 17, "fields": {"user": 13, "payment": null, "order_number": "2021062917", "first_name": "Jo Constantine", "last_name": "Nguyen", "phone": "84040274", "email": "constantine@ncs.com.sg", "address_line_1": "21 Telok Blangah Drive", "address_line_2": "#19-04", "country": "Singapore", "state": "Singapore", "city": "Singapore", "order_note": "", "order_total": 1216.86, "tax": 23.86, "status": "New", "ip": "127.0.0.1", "is_ordered": false, "created_at": "2021-06-29T07:18:27.103Z", "updated_at": "2021-06-29T07:18:27.112Z"}}, {"model": "orders.order", "pk": 18, "fields": {"user": 13, "payment": null, "order_number": "2021062918", "first_name": "Jo Constantine", "last_name": "Nguyen", "phone": "84040274", "email": "constantine@ncs.com.sg", "address_line_1": "21 Telok Blangah Drive", "address_line_2": "#19-04", "country": "Singapore", "state": "Singapore", "city": "Singapore", "order_note": "", "order_total": 1216.86, "tax": 23.86, "status": "New", "ip": "127.0.0.1", "is_ordered": false, "created_at": "2021-06-29T07:20:59.676Z", "updated_at": "2021-06-29T07:20:59.685Z"}}, {"model": "orders.order", "pk": 19, "fields": {"user": 13, "payment": null, "order_number": "2021062919", "first_name": "Jo Constantine", "last_name": "Nguyen", "phone": "84040274", "email": "constantine@ncs.com.sg", "address_line_1": "21 Telok Blangah Drive", "address_line_2": "#19-04", "country": "Singapore", "state": "Singapore", "city": "Singapore", "order_note": "", "order_total": 1216.86, "tax": 23.86, "status": "New", "ip": "127.0.0.1", "is_ordered": false, "created_at": "2021-06-29T07:27:12.446Z", "updated_at": "2021-06-29T07:27:12.460Z"}}, {"model": "orders.order", "pk": 20, "fields": {"user": 13, "payment": null, "order_number": "2021062920", "first_name": "Jo Constantine", "last_name": "Nguyen", "phone": "84040274", "email": "constantine@ncs.com.sg", "address_line_1": "21 Telok Blangah Drive", "address_line_2": "#19-04", "country": "Singapore", "state": "Singapore", "city": "Singapore", "order_note": "", "order_total": 1216.86, "tax": 23.86, "status": "New", "ip": "127.0.0.1", "is_ordered": false, "created_at": "2021-06-29T07:30:29.578Z", "updated_at": "2021-06-29T07:30:29.588Z"}}, {"model": "orders.order", "pk": 21, "fields": {"user": 13, "payment": null, "order_number": "2021062921", "first_name": "Jo Constantine", "last_name": "Nguyen", "phone": "84040274", "email": "constantine@ncs.com.sg", "address_line_1": "21 Telok Blangah Drive", "address_line_2": "#19-04", "country": "Singapore", "state": "Singapore", "city": "Singapore", "order_note": "", "order_total": 1216.86, "tax": 23.86, "status": "New", "ip": "127.0.0.1", "is_ordered": false, "created_at": "2021-06-29T08:24:58.811Z", "updated_at": "2021-06-29T08:24:58.821Z"}}, {"model": "orders.order", "pk": 22, "fields": {"user": 13, "payment": null, "order_number": "2021062922", "first_name": "Jo Constantine", "last_name": "Nguyen", "phone": "84040274", "email": "constantine@ncs.com.sg", "address_line_1": "21 Telok Blangah Drive", "address_line_2": "#19-04", "country": "Singapore", "state": "Singapore", "city": "Singapore", "order_note": "", "order_total": 1216.86, "tax": 23.86, "status": "New", "ip": "127.0.0.1", "is_ordered": false, "created_at": "2021-06-29T08:25:47.519Z", "updated_at": "2021-06-29T08:25:47.528Z"}}, {"model": "orders.order", "pk": 23, "fields": {"user": 13, "payment": null, "order_number": "2021062923", "first_name": "Jo Constantine", "last_name": "Nguyen", "phone": "84040274", "email": "constantine@ncs.com.sg", "address_line_1": "21 Telok Blangah Drive", "address_line_2": "#19-04", "country": "Singapore", "state": "Singapore", "city": "Singapore", "order_note": "", "order_total": 1216.86, "tax": 23.86, "status": "New", "ip": "127.0.0.1", "is_ordered": false, "created_at": "2021-06-29T08:26:13.977Z", "updated_at": "2021-06-29T08:26:13.985Z"}}, {"model": "orders.order", "pk": 24, "fields": {"user": 13, "payment": null, "order_number": "2021062924", "first_name": "Jo Constantine", "last_name": "Nguyen", "phone": "84040274", "email": "constantine@ncs.com.sg", "address_line_1": "21 Telok Blangah Drive", "address_line_2": "#19-04", "country": "Singapore", "state": "Singapore", "city": "Singapore", "order_note": "", "order_total": 1216.86, "tax": 23.86, "status": "New", "ip": "127.0.0.1", "is_ordered": false, "created_at": "2021-06-29T08:27:28.241Z", "updated_at": "2021-06-29T08:27:28.249Z"}}, {"model": "orders.order", "pk": 25, "fields": {"user": 13, "payment": null, "order_number": "2021062925", "first_name": "Jo Constantine", "last_name": "Nguyen", "phone": "84040274", "email": "constantine@ncs.com.sg", "address_line_1": "21 Telok Blangah Drive", "address_line_2": "#19-04", "country": "Singapore", "state": "Singapore", "city": "Singapore", "order_note": "", "order_total": 1216.86, "tax": 23.86, "status": "New", "ip": "127.0.0.1", "is_ordered": false, "created_at": "2021-06-29T08:27:48.647Z", "updated_at": "2021-06-29T08:27:48.656Z"}}, {"model": "orders.order", "pk": 26, "fields": {"user": 13, "payment": null, "order_number": "2021062926", "first_name": "Jo Constantine", "last_name": "Nguyen", "phone": "84040274", "email": "constantine@ncs.com.sg", "address_line_1": "21 Telok Blangah Drive", "address_line_2": "#19-04", "country": "Singapore", "state": "Singapore", "city": "Singapore", "order_note": "", "order_total": 1216.86, "tax": 23.86, "status": "New", "ip": "127.0.0.1", "is_ordered": false, "created_at": "2021-06-29T08:28:23.489Z", "updated_at": "2021-06-29T08:28:23.500Z"}}, {"model": "orders.order", "pk": 27, "fields": {"user": 13, "payment": null, "order_number": "2021062927", "first_name": "Jo Constantine", "last_name": "Nguyen", "phone": "84040274", "email": "constantine@ncs.com.sg", "address_line_1": "21 Telok Blangah Drive", "address_line_2": "#19-04", "country": "Singapore", "state": "Singapore", "city": "Singapore", "order_note": "", "order_total": 1216.86, "tax": 23.86, "status": "New", "ip": "127.0.0.1", "is_ordered": false, "created_at": "2021-06-29T08:29:26.499Z", "updated_at": "2021-06-29T08:29:26.507Z"}}, {"model": "orders.order", "pk": 28, "fields": {"user": 13, "payment": 3, "order_number": "2021062928", "first_name": "Jo Constantine", "last_name": "Nguyen", "phone": "84040274", "email": "constantine@ncs.com.sg", "address_line_1": "21 Telok Blangah Drive", "address_line_2": "#19-04", "country": "Singapore", "state": "Singapore", "city": "Singapore", "order_note": "sdfdsfs", "order_total": 1216.86, "tax": 23.86, "status": "New", "ip": "127.0.0.1", "is_ordered": true, "created_at": "2021-06-29T08:43:51.025Z", "updated_at": "2021-06-29T08:48:16.299Z"}}, {"model": "orders.order", "pk": 29, "fields": {"user": 13, "payment": 4, "order_number": "2021070129", "first_name": "Jo Constantine", "last_name": "Nguyen", "phone": "84040274", "email": "constantine@ncs.com.sg", "address_line_1": "21 Telok Blangah Drive", "address_line_2": "#19-04", "country": "Singapore", "state": "Singapore", "city": "Singapore", "order_note": "Order notetetetet", "order_total": 1216.86, "tax": 23.86, "status": "New", "ip": "127.0.0.1", "is_ordered": true, "created_at": "2021-07-01T12:33:02.812Z", "updated_at": "2021-07-01T12:33:22.653Z"}}, {"model": "orders.order", "pk": 30, "fields": {"user": 13, "payment": 5, "order_number": "2021070130", "first_name": "Jo Constantine", "last_name": "Nguyen", "phone": "84040274", "email": "constantine@ncs.com.sg", "address_line_1": "21 Telok Blangah Drive", "address_line_2": "#19-04", "country": "Singapore", "state": "Singapore", "city": "Singapore", "order_note": "", "order_total": 1216.86, "tax": 23.86, "status": "New", "ip": "127.0.0.1", "is_ordered": true, "created_at": "2021-07-01T12:40:06.568Z", "updated_at": "2021-07-01T12:40:17.654Z"}}, {"model": "orders.order", "pk": 31, "fields": {"user": 13, "payment": 6, "order_number": "2021070131", "first_name": "Jo Constantine", "last_name": "Nguyen", "phone": "84040274", "email": "constantine@ncs.com.sg", "address_line_1": "21 Telok Blangah Drive", "address_line_2": "#19-04", "country": "Singapore", "state": "Singapore", "city": "Singapore", "order_note": "", "order_total": 1114.86, "tax": 21.86, "status": "New", "ip": "127.0.0.1", "is_ordered": true, "created_at": "2021-07-01T12:43:14.450Z", "updated_at": "2021-07-01T12:43:24.180Z"}}, {"model": "orders.order", "pk": 32, "fields": {"user": 13, "payment": 7, "order_number": "2021070132", "first_name": "Jo Constantine", "last_name": "Nguyen", "phone": "84040274", "email": "constantine@ncs.com.sg", "address_line_1": "21 Telok Blangah Drive", "address_line_2": "#19-04", "country": "Singapore", "state": "Singapore", "city": "Singapore", "order_note": "", "order_total": 1114.86, "tax": 21.86, "status": "New", "ip": "127.0.0.1", "is_ordered": true, "created_at": "2021-07-01T12:45:04.034Z", "updated_at": "2021-07-01T12:45:16.197Z"}}, {"model": "orders.order", "pk": 33, "fields": {"user": 13, "payment": 8, "order_number": "2021070233", "first_name": "Jo Constantine", "last_name": "Nguyen", "phone": "84040274", "email": "constantine@ncs.com.sg", "address_line_1": "21 Telok Blangah Drive", "address_line_2": "#19-04", "country": "Singapore", "state": "Singapore", "city": "Singapore", "order_note": "", "order_total": 100.98, "tax": 1.98, "status": "New", "ip": "127.0.0.1", "is_ordered": true, "created_at": "2021-07-02T10:09:56.785Z", "updated_at": "2021-07-02T10:10:12.891Z"}}, {"model": "orders.order", "pk": 34, "fields": {"user": 13, "payment": 9, "order_number": "2021070234", "first_name": "Jo Constantine", "last_name": "Nguyen", "phone": "84040274", "email": "constantine@ncs.com.sg", "address_line_1": "21 Telok Blangah Drive", "address_line_2": "#19-04", "country": "Singapore", "state": "Singapore", "city": "Singapore", "order_note": "", "order_total": 202.98, "tax": 3.98, "status": "New", "ip": "127.0.0.1", "is_ordered": true, "created_at": "2021-07-02T10:11:07.770Z", "updated_at": "2021-07-02T10:11:17.256Z"}}, {"model": "orders.order", "pk": 35, "fields": {"user": 13, "payment": 10, "order_number": "2021070235", "first_name": "Nguyen", "last_name": "Trung", "phone": "84040274", "email": "belovedpuppy90@gmail.com", "address_line_1": "21 Telok Blangah Drive", "address_line_2": "#19-04", "country": "Singapore", "state": "NA", "city": "Singapore", "order_note": "", "order_total": 610.98, "tax": 11.98, "status": "New", "ip": "127.0.0.1", "is_ordered": true, "created_at": "2021-07-02T10:28:07.233Z", "updated_at": "2021-07-02T10:28:19.595Z"}}, {"model": "orders.order", "pk": 36, "fields": {"user": 13, "payment": 11, "order_number": "2021070236", "first_name": "Nguyen", "last_name": "Trung", "phone": "84040274", "email": "belovedpuppy90@gmail.com", "address_line_1": "21 Telok Blangah Drive", "address_line_2": "#19-04", "country": "Singapore", "state": "NA", "city": "Singapore", "order_note": "", "order_total": 1018.98, "tax": 19.98, "status": "New", "ip": "127.0.0.1", "is_ordered": true, "created_at": "2021-07-02T10:30:20.537Z", "updated_at": "2021-07-02T10:30:40.886Z"}}, {"model": "orders.order", "pk": 37, "fields": {"user": 13, "payment": 12, "order_number": "2021070237", "first_name": "Trung", "last_name": "Nguyen", "phone": "84040274", "email": "belovedpuppy90@gmail.com", "address_line_1": "21 Telok Blangah Drive, #19-04", "address_line_2": "", "country": "Singapore", "state": "Others", "city": "Singapore", "order_note": "Please please please", "order_total": 2240.94, "tax": 43.94, "status": "New", "ip": "127.0.0.1", "is_ordered": true, "created_at": "2021-07-02T10:44:49.677Z", "updated_at": "2021-07-02T10:45:01.742Z"}}, {"model": "orders.order", "pk": 38, "fields": {"user": 13, "payment": 13, "order_number": "2021070238", "first_name": "Constantine", "last_name": "Nguyen", "phone": "89488484", "email": "abc@vrl.dev", "address_line_1": "5 Ang Mo Kio Street 62", "address_line_2": "NCS Hub", "country": "Singapore", "state": "Acre", "city": "werwerwerw", "order_note": "", "order_total": 608.94, "tax": 11.94, "status": "New", "ip": "127.0.0.1", "is_ordered": true, "created_at": "2021-07-02T10:46:39.671Z", "updated_at": "2021-07-02T10:46:51.112Z"}}, {"model": "orders.order", "pk": 39, "fields": {"user": 13, "payment": 14, "order_number": "2021070539", "first_name": "Thanh Trung", "last_name": "Nguyen", "phone": "84040274", "email": "constantine@ncs.com.sg", "address_line_1": "21 Telok Blangah Drive", "address_line_2": "#19-04", "country": "Singapore", "state": "Singapore", "city": "Singapore", "order_note": "", "order_total": 1120.98, "tax": 21.98, "status": "New", "ip": "127.0.0.1", "is_ordered": true, "created_at": "2021-07-05T12:32:10.150Z", "updated_at": "2021-07-05T12:32:35.295Z"}}, {"model": "orders.orderproduct", "pk": 1, "fields": {"order": 29, "payment": 4, "user": 13, "product": 1, "quantity": 1, "product_price": 199.0, "ordered": true, "created_at": "2021-07-01T12:33:22.664Z", "updated_at": "2021-07-01T12:33:22.664Z", "variations": []}}, {"model": "orders.orderproduct", "pk": 2, "fields": {"order": 29, "payment": 4, "user": 13, "product": 1, "quantity": 3, "product_price": 199.0, "ordered": true, "created_at": "2021-07-01T12:33:22.674Z", "updated_at": "2021-07-01T12:33:22.674Z", "variations": []}}, {"model": "orders.orderproduct", "pk": 3, "fields": {"order": 29, "payment": 4, "user": 13, "product": 1, "quantity": 1, "product_price": 199.0, "ordered": true, "created_at": "2021-07-01T12:33:22.682Z", "updated_at": "2021-07-01T12:33:22.682Z", "variations": []}}, {"model": "orders.orderproduct", "pk": 4, "fields": {"order": 29, "payment": 4, "user": 13, "product": 2, "quantity": 2, "product_price": 99.0, "ordered": true, "created_at": "2021-07-01T12:33:22.690Z", "updated_at": "2021-07-01T12:33:22.690Z", "variations": []}}, {"model": "orders.orderproduct", "pk": 5, "fields": {"order": 30, "payment": 5, "user": 13, "product": 1, "quantity": 1, "product_price": 199.0, "ordered": true, "created_at": "2021-07-01T12:40:17.662Z", "updated_at": "2021-07-01T12:40:17.675Z", "variations": [1, 5]}}, {"model": "orders.orderproduct", "pk": 6, "fields": {"order": 30, "payment": 5, "user": 13, "product": 1, "quantity": 3, "product_price": 199.0, "ordered": true, "created_at": "2021-07-01T12:40:17.683Z", "updated_at": "2021-07-01T12:40:17.695Z", "variations": [2, 5]}}, {"model": "orders.orderproduct", "pk": 7, "fields": {"order": 30, "payment": 5, "user": 13, "product": 1, "quantity": 1, "product_price": 199.0, "ordered": true, "created_at": "2021-07-01T12:40:17.702Z", "updated_at": "2021-07-01T12:40:17.713Z", "variations": [2, 6]}}, {"model": "orders.orderproduct", "pk": 8, "fields": {"order": 30, "payment": 5, "user": 13, "product": 2, "quantity": 2, "product_price": 99.0, "ordered": true, "created_at": "2021-07-01T12:40:17.719Z", "updated_at": "2021-07-01T12:40:17.727Z", "variations": []}}, {"model": "orders.orderproduct", "pk": 9, "fields": {"order": 31, "payment": 6, "user": 13, "product": 1, "quantity": 1, "product_price": 199.0, "ordered": true, "created_at": "2021-07-01T12:43:24.190Z", "updated_at": "2021-07-01T12:43:24.208Z", "variations": [1, 5]}}, {"model": "orders.orderproduct", "pk": 10, "fields": {"order": 31, "payment": 6, "user": 13, "product": 1, "quantity": 2, "product_price": 199.0, "ordered": true, "created_at": "2021-07-01T12:43:24.225Z", "updated_at": "2021-07-01T12:43:24.242Z", "variations": [2, 5]}}, {"model": "orders.orderproduct", "pk": 11, "fields": {"order": 31, "payment": 6, "user": 13, "product": 1, "quantity": 1, "product_price": 199.0, "ordered": true, "created_at": "2021-07-01T12:43:24.257Z", "updated_at": "2021-07-01T12:43:24.272Z", "variations": [2, 6]}}, {"model": "orders.orderproduct", "pk": 12, "fields": {"order": 31, "payment": 6, "user": 13, "product": 2, "quantity": 3, "product_price": 99.0, "ordered": true, "created_at": "2021-07-01T12:43:24.284Z", "updated_at": "2021-07-01T12:43:24.291Z", "variations": []}}, {"model": "orders.orderproduct", "pk": 13, "fields": {"order": 32, "payment": 7, "user": 13, "product": 1, "quantity": 1, "product_price": 199.0, "ordered": true, "created_at": "2021-07-01T12:45:16.208Z", "updated_at": "2021-07-01T12:45:16.228Z", "variations": [1, 5]}}, {"model": "orders.orderproduct", "pk": 14, "fields": {"order": 32, "payment": 7, "user": 13, "product": 1, "quantity": 2, "product_price": 199.0, "ordered": true, "created_at": "2021-07-01T12:45:16.242Z", "updated_at": "2021-07-01T12:45:16.258Z", "variations": [2, 5]}}, {"model": "orders.orderproduct", "pk": 15, "fields": {"order": 32, "payment": 7, "user": 13, "product": 1, "quantity": 1, "product_price": 199.0, "ordered": true, "created_at": "2021-07-01T12:45:16.271Z", "updated_at": "2021-07-01T12:45:16.288Z", "variations": [2, 6]}}, {"model": "orders.orderproduct", "pk": 16, "fields": {"order": 32, "payment": 7, "user": 13, "product": 2, "quantity": 3, "product_price": 99.0, "ordered": true, "created_at": "2021-07-01T12:45:16.301Z", "updated_at": "2021-07-01T12:45:16.309Z", "variations": []}}, {"model": "orders.orderproduct", "pk": 17, "fields": {"order": 33, "payment": 8, "user": 13, "product": 2, "quantity": 1, "product_price": 99.0, "ordered": true, "created_at": "2021-07-02T10:10:12.902Z", "updated_at": "2021-07-02T10:10:12.916Z", "variations": []}}, {"model": "orders.orderproduct", "pk": 18, "fields": {"order": 34, "payment": 9, "user": 13, "product": 1, "quantity": 1, "product_price": 199.0, "ordered": true, "created_at": "2021-07-02T10:11:17.268Z", "updated_at": "2021-07-02T10:11:17.286Z", "variations": [1, 5]}}, {"model": "orders.orderproduct", "pk": 19, "fields": {"order": 35, "payment": 10, "user": 13, "product": 3, "quantity": 1, "product_price": 599.0, "ordered": true, "created_at": "2021-07-02T10:28:19.605Z", "updated_at": "2021-07-02T10:28:19.617Z", "variations": []}}, {"model": "orders.orderproduct", "pk": 20, "fields": {"order": 36, "payment": 11, "user": 13, "product": 7, "quantity": 1, "product_price": 999.0, "ordered": true, "created_at": "2021-07-02T10:30:40.906Z", "updated_at": "2021-07-02T10:30:40.919Z", "variations": []}}, {"model": "orders.orderproduct", "pk": 21, "fields": {"order": 37, "payment": 12, "user": 13, "product": 4, "quantity": 2, "product_price": 599.0, "ordered": true, "created_at": "2021-07-02T10:45:01.755Z", "updated_at": "2021-07-02T10:45:01.766Z", "variations": []}}, {"model": "orders.orderproduct", "pk": 22, "fields": {"order": 37, "payment": 12, "user": 13, "product": 7, "quantity": 1, "product_price": 999.0, "ordered": true, "created_at": "2021-07-02T10:45:01.783Z", "updated_at": "2021-07-02T10:45:01.794Z", "variations": []}}, {"model": "orders.orderproduct", "pk": 23, "fields": {"order": 38, "payment": 13, "user": 13, "product": 1, "quantity": 1, "product_price": 199.0, "ordered": true, "created_at": "2021-07-02T10:46:51.124Z", "updated_at": "2021-07-02T10:46:51.144Z", "variations": [1, 5]}}, {"model": "orders.orderproduct", "pk": 24, "fields": {"order": 38, "payment": 13, "user": 13, "product": 1, "quantity": 2, "product_price": 199.0, "ordered": true, "created_at": "2021-07-02T10:46:51.158Z", "updated_at": "2021-07-02T10:46:51.174Z", "variations": [2, 4]}}, {"model": "orders.orderproduct", "pk": 25, "fields": {"order": 39, "payment": 14, "user": 13, "product": 5, "quantity": 1, "product_price": 1099.0, "ordered": true, "created_at": "2021-07-05T12:32:35.542Z", "updated_at": "2021-07-05T12:32:35.665Z", "variations": []}}, {"model": "admin_honeypot.loginattempt", "pk": 1, "fields": {"username": "nguyenxuanhieu14081988@gmail.com", "ip_address": "127.0.0.1", "session_key": "uw1803zigtc5buzoz7wz7h03khnpdi02", "user_agent": "Mozilla/5.0 (Windows NT 10.0; Win64; x64) AppleWebKit/537.36 (KHTML, like Gecko) Chrome/91.0.4472.124 Safari/537.36", "timestamp": "2021-07-08T10:58:03.889Z", "path": "/admin/login/?next=/admin/"}}]
